﻿<?xml version="1.0" encoding="utf-8"?>
<abapGit version="v1.0.0" serializer="LCL_OBJECT_SICF" serializer_version="v1.0.0">
 <asx:abap xmlns:asx="http://www.sap.com/abapxml" version="1.0">
  <asx:values>
   <URL>/sap/opu/odata/sap/ED060111/</URL>
   <ICFSERVICE>
    <ICF_NAME>ED060111</ICF_NAME>
    <ORIG_NAME>ED060111</ORIG_NAME>
   </ICFSERVICE>
   <ICFHANDLER_TABLE>
    <ICFHANDLER>
     <ICF_NAME>ED060111</ICF_NAME>
     <ICFORDER>01</ICFORDER>
     <ICFTYP>A</ICFTYP>
     <ICFHANDLER>/IWFND/CL_SODATA_HTTP_HANDLER</ICFHANDLER>
    </ICFHANDLER>
   </ICFHANDLER_TABLE>
  </asx:values>
 </asx:abap>
</abapGit>
