﻿<?xml version="1.0" encoding="utf-8"?>
<abapGit version="v1.0.0" serializer="LCL_OBJECT_CLAS" serializer_version="v1.0.0">
 <asx:abap xmlns:asx="http://www.sap.com/abapxml" version="1.0">
  <asx:values>
   <VSEOCLASS>
    <CLSNAME>ZCL_ZCONTROLE_REQUEST__APC</CLSNAME>
    <VERSION>1</VERSION>
    <LANGU>E</LANGU>
    <DESCRIPT>ZCL_ZCONTROLE_REQUEST__APC</DESCRIPT>
    <EXPOSURE>2</EXPOSURE>
    <STATE>1</STATE>
    <FIXPT>X</FIXPT>
    <UNICODE>X</UNICODE>
   </VSEOCLASS>
   <DESCRIPTIONS>
    <SEOCOMPOTX>
     <CLSNAME>ZCL_ZCONTROLE_REQUEST__APC</CLSNAME>
     <CMPNAME>DEFINE_VOCAB_ANNOTATIONS</CMPNAME>
     <LANGU>E</LANGU>
     <DESCRIPT>DEFINE_VOCAB_ANNOTATIONS</DESCRIPT>
    </SEOCOMPOTX>
   </DESCRIPTIONS>
  </asx:values>
 </asx:abap>
</abapGit>
