﻿<?xml version="1.0" encoding="utf-8"?>
<abapGit version="v1.0.0" serializer="LCL_OBJECT_SICF" serializer_version="v1.0.0">
 <asx:abap xmlns:asx="http://www.sap.com/abapxml" version="1.0">
  <asx:values>
   <URL>/sap/bc/bsp/sap/zcontrolreq_v2/</URL>
   <ICFSERVICE>
    <ICF_NAME>ZCONTROLREQ_V2</ICF_NAME>
    <ORIG_NAME>zcontrolreq_v2</ORIG_NAME>
   </ICFSERVICE>
   <ICFDOCU>
    <ICF_NAME>ZCONTROLREQ_V2</ICF_NAME>
    <ICF_LANGU>P</ICF_LANGU>
    <ICF_DOCU>Controle de Request</ICF_DOCU>
   </ICFDOCU>
  </asx:values>
 </asx:abap>
</abapGit>
