﻿<?xml version="1.0" encoding="utf-8"?>
<abapGit version="v1.0.0" serializer="LCL_OBJECT_WAPA" serializer_version="v1.0.0">
 <asx:abap xmlns:asx="http://www.sap.com/abapxml" version="1.0">
  <asx:values>
   <ATTRIBUTES>
    <APPLNAME>ZCONTROLREQ_V2</APPLNAME>
    <APPLCLAS>/UI5/CL_UI5_BSP_APPLICATION</APPLCLAS>
    <APPLEXT>ZCONTROLREQ_V2</APPLEXT>
    <ORIGLANG>P</ORIGLANG>
    <MODIFLANG>P</MODIFLANG>
    <TEXT>Controle de Request</TEXT>
   </ATTRIBUTES>
   <PAGES>
    <item>
     <ATTRIBUTES>
      <APPLNAME>ZCONTROLREQ_V2</APPLNAME>
      <PAGEKEY>.CLASSPATH</PAGEKEY>
      <PAGENAME>.classpath</PAGENAME>
      <PAGETYPE>X</PAGETYPE>
      <MIMETYPE>application/octet-stream</MIMETYPE>
      <LAYOUTLANGU>P</LAYOUTLANGU>
      <VERSION>A</VERSION>
      <LANGU>P</LANGU>
     </ATTRIBUTES>
    </item>
    <item>
     <ATTRIBUTES>
      <APPLNAME>ZCONTROLREQ_V2</APPLNAME>
      <PAGEKEY>.PROJECT</PAGEKEY>
      <PAGENAME>.project</PAGENAME>
      <PAGETYPE>X</PAGETYPE>
      <MIMETYPE>application/octet-stream</MIMETYPE>
      <LAYOUTLANGU>P</LAYOUTLANGU>
      <VERSION>A</VERSION>
      <LANGU>P</LANGU>
     </ATTRIBUTES>
    </item>
    <item>
     <ATTRIBUTES>
      <APPLNAME>ZCONTROLREQ_V2</APPLNAME>
      <PAGEKEY>.SETTINGS/.JSDTSCOPE</PAGEKEY>
      <PAGENAME>.settings/.jsdtscope</PAGENAME>
      <PAGETYPE>X</PAGETYPE>
      <MIMETYPE>application/octet-stream</MIMETYPE>
      <LAYOUTLANGU>P</LAYOUTLANGU>
      <VERSION>A</VERSION>
      <LANGU>P</LANGU>
     </ATTRIBUTES>
    </item>
    <item>
     <ATTRIBUTES>
      <APPLNAME>ZCONTROLREQ_V2</APPLNAME>
      <PAGEKEY>.SETTINGS/ORG.ECLIPSE.JDT.CORE.PREFS</PAGEKEY>
      <PAGENAME>.settings/org.eclipse.jdt.core.prefs</PAGENAME>
      <PAGETYPE>X</PAGETYPE>
      <MIMETYPE>application/octet-stream</MIMETYPE>
      <LAYOUTLANGU>P</LAYOUTLANGU>
      <VERSION>A</VERSION>
      <LANGU>P</LANGU>
     </ATTRIBUTES>
    </item>
    <item>
     <ATTRIBUTES>
      <APPLNAME>ZCONTROLREQ_V2</APPLNAME>
      <PAGEKEY>.SETTINGS/ORG.ECLIPSE.WST.COMMON.COMPONENT</PAGEKEY>
      <PAGENAME>.settings/org.eclipse.wst.common.component</PAGENAME>
      <PAGETYPE>X</PAGETYPE>
      <MIMETYPE>application/octet-stream</MIMETYPE>
      <LAYOUTLANGU>P</LAYOUTLANGU>
      <VERSION>A</VERSION>
      <LANGU>P</LANGU>
     </ATTRIBUTES>
    </item>
    <item>
     <ATTRIBUTES>
      <APPLNAME>ZCONTROLREQ_V2</APPLNAME>
      <PAGEKEY>.SETTINGS/ORG.ECLIPSE.WST.COMMON.PROJECT.FACET.CORE.XML</PAGEKEY>
      <PAGENAME>.settings/org.eclipse.wst.common.project.facet.core.xml</PAGENAME>
      <PAGETYPE>X</PAGETYPE>
      <MIMETYPE>text/xml</MIMETYPE>
      <LAYOUTLANGU>P</LAYOUTLANGU>
      <VERSION>A</VERSION>
      <LANGU>P</LANGU>
     </ATTRIBUTES>
    </item>
    <item>
     <ATTRIBUTES>
      <APPLNAME>ZCONTROLREQ_V2</APPLNAME>
      <PAGEKEY>.SETTINGS/ORG.ECLIPSE.WST.JSDT.UI.SUPERTYPE.CONTAINER</PAGEKEY>
      <PAGENAME>.settings/org.eclipse.wst.jsdt.ui.superType.container</PAGENAME>
      <PAGETYPE>X</PAGETYPE>
      <MIMETYPE>application/octet-stream</MIMETYPE>
      <LAYOUTLANGU>P</LAYOUTLANGU>
      <VERSION>A</VERSION>
      <LANGU>P</LANGU>
     </ATTRIBUTES>
    </item>
    <item>
     <ATTRIBUTES>
      <APPLNAME>ZCONTROLREQ_V2</APPLNAME>
      <PAGEKEY>.SETTINGS/ORG.ECLIPSE.WST.JSDT.UI.SUPERTYPE.NAME</PAGEKEY>
      <PAGENAME>.settings/org.eclipse.wst.jsdt.ui.superType.name</PAGENAME>
      <PAGETYPE>X</PAGETYPE>
      <MIMETYPE>application/octet-stream</MIMETYPE>
      <LAYOUTLANGU>P</LAYOUTLANGU>
      <VERSION>A</VERSION>
      <LANGU>P</LANGU>
     </ATTRIBUTES>
    </item>
    <item>
     <ATTRIBUTES>
      <APPLNAME>ZCONTROLREQ_V2</APPLNAME>
      <PAGEKEY>UI57E3C1364CB3462ECDA722A7CAD8CD391378E7818</PAGEKEY>
      <PAGENAME>UI57E3C1364CB3462ECDA722A7CAD8CD391378E7818</PAGENAME>
      <PAGETYPE>X</PAGETYPE>
      <MIMETYPE>application/octet-stream</MIMETYPE>
      <LAYOUTLANGU>P</LAYOUTLANGU>
      <VERSION>A</VERSION>
      <LANGU>P</LANGU>
     </ATTRIBUTES>
    </item>
    <item>
     <ATTRIBUTES>
      <APPLNAME>ZCONTROLREQ_V2</APPLNAME>
      <PAGEKEY>UI5C510F2EAEE6FAA7CE096CFB89F5DCFC359C14265</PAGEKEY>
      <PAGENAME>UI5C510F2EAEE6FAA7CE096CFB89F5DCFC359C14265</PAGENAME>
      <PAGETYPE>X</PAGETYPE>
      <MIMETYPE>application/octet-stream</MIMETYPE>
      <LAYOUTLANGU>P</LAYOUTLANGU>
      <VERSION>A</VERSION>
      <LANGU>P</LANGU>
     </ATTRIBUTES>
    </item>
    <item>
     <ATTRIBUTES>
      <APPLNAME>ZCONTROLREQ_V2</APPLNAME>
      <PAGEKEY>UI5REPOSITORYPATHMAPPING.XML</PAGEKEY>
      <PAGENAME>UI5RepositoryPathMapping.xml</PAGENAME>
      <PAGETYPE>X</PAGETYPE>
      <MIMETYPE>text/xml</MIMETYPE>
      <LAYOUTLANGU>P</LAYOUTLANGU>
      <VERSION>A</VERSION>
      <LANGU>P</LANGU>
     </ATTRIBUTES>
    </item>
    <item>
     <ATTRIBUTES>
      <APPLNAME>ZCONTROLREQ_V2</APPLNAME>
      <PAGEKEY>WEBCONTENT/CONTROLREQ/MAINVIEW.CONTROLLER.JS</PAGEKEY>
      <PAGENAME>WebContent/controlreq/MainView.controller.js</PAGENAME>
      <PAGETYPE>X</PAGETYPE>
      <MIMETYPE>application/x-javascript</MIMETYPE>
      <LAYOUTLANGU>P</LAYOUTLANGU>
      <VERSION>A</VERSION>
      <LANGU>P</LANGU>
     </ATTRIBUTES>
    </item>
    <item>
     <ATTRIBUTES>
      <APPLNAME>ZCONTROLREQ_V2</APPLNAME>
      <PAGEKEY>WEBCONTENT/CONTROLREQ/MAINVIEW.VIEW.JS</PAGEKEY>
      <PAGENAME>WebContent/controlreq/MainView.view.js</PAGENAME>
      <PAGETYPE>X</PAGETYPE>
      <MIMETYPE>application/x-javascript</MIMETYPE>
      <LAYOUTLANGU>P</LAYOUTLANGU>
      <VERSION>A</VERSION>
      <LANGU>P</LANGU>
     </ATTRIBUTES>
    </item>
    <item>
     <ATTRIBUTES>
      <APPLNAME>ZCONTROLREQ_V2</APPLNAME>
      <PAGEKEY>WEBCONTENT/INDEX.HTML</PAGEKEY>
      <PAGENAME>WebContent/index.html</PAGENAME>
      <MIMETYPE>text/html</MIMETYPE>
      <LAYOUTLANGU>P</LAYOUTLANGU>
      <VERSION>A</VERSION>
      <LANGU>P</LANGU>
     </ATTRIBUTES>
    </item>
   </PAGES>
  </asx:values>
 </asx:abap>
</abapGit>
