<mvc:View xmlns="sap.m" xmlns:mvc="sap.ui.core.mvc"                                                                                                                                                                                                            
	controllerName="controlreq.vsmart" height="100%" xmlns:smartFilterBar="sap.ui.comp.smartfilterbar"                                                                                                                                                            
	xmlns:smartTable="sap.ui.comp.smarttable">                                                                                                                                                                                                                    
                                                                                                                                                                                                                                                               
	<Page showHeader="false" enableScrolling="false" class="sapUiContentPadding"                                                                                                                                                                                  
		showNavButton="false">                                                                                                                                                                                                                                       
                                                                                                                                                                                                                                                               
		<content>                                                                                                                                                                                                                                                    
                                                                                                                                                                                                                                                               
			<smartTable:SmartTable id="smartTable_ResponsiveTable"                                                                                                                                                                                                      
				smartFilterId="smartFilterBar" tableType="ResponsiveTable" editable="false"                                                                                                                                                                                
				entitySet="ZCONTROLE_REQUEST_SRV.RequestSet" useVariantManagement="true"                                                                                                                                                                                   
				useTablePersonalisation="true" header="Requests" showRowCount="true"                                                                                                                                                                                       
				useExportToExcel="false" enableAutoBinding="true">                                                                                                                                                                                                         
			</smartTable:SmartTable>                                                                                                                                                                                                                                    
                                                                                                                                                                                                                                                               
			<smartTable:SmartTable entitySet="RequestSet"                                                                                                                                                                                                               
				tableType="Table" useExportToExcel="true" useVariantManagement="false"                                                                                                                                                                                     
				useTablePersonalisation="true" header="Line Items" showRowCount="true"                                                                                                                                                                                     
				persistencyKey="SmartTableAnalytical_Explored" enableAutoBinding="true" />                                                                                                                                                                                 
		</content>                                                                                                                                                                                                                                                   
		<footer>                                                                                                                                                                                                                                                     
			<OverflowToolbar id="otbFooter">                                                                                                                                                                                                                            
				<ToolbarSpacer />                                                                                                                                                                                                                                          
				<Button type="Accept" text="Accept">                                                                                                                                                                                                                       
					<layoutData>                                                                                                                                                                                                                                              
						<OverflowToolbarLayoutData                                                                                                                                                                                                                               
							moveToOverflow="false" />                                                                                                                                                                                                                               
					</layoutData>                                                                                                                                                                                                                                             
				</Button>                                                                                                                                                                                                                                                  
				<Button type="Reject" text="Reject">                                                                                                                                                                                                                       
					<layoutData>                                                                                                                                                                                                                                              
						<OverflowToolbarLayoutData                                                                                                                                                                                                                               
							moveToOverflow="false" />                                                                                                                                                                                                                               
					</layoutData>                                                                                                                                                                                                                                             
				</Button>                                                                                                                                                                                                                                                  
				<OverflowToolbarButton text="Delete"                                                                                                                                                                                                                       
					icon="sap-icon://delete" />                                                                                                                                                                                                                               
				<OverflowToolbarButton text="Edit" icon="sap-icon://edit" />                                                                                                                                                                                               
				<OverflowToolbarButton text="Add" icon="sap-icon://add" />                                                                                                                                                                                                 
				<OverflowToolbarButton text="Favorite"                                                                                                                                                                                                                     
					icon="sap-icon://favorite" />                                                                                                                                                                                                                             
				<OverflowToolbarButton text="Flag" icon="sap-icon://flag" />                                                                                                                                                                                               
                                                                                                                                                                                                                                                               
			</OverflowToolbar>                                                                                                                                                                                                                                          
		</footer>                                                                                                                                                                                                                                                    
                                                                                                                                                                                                                                                               
	</Page>                                                                                                                                                                                                                                                       
</mvc:View>                                                                                                                                                                                                                                                    