{                                                                                                                                                                                                                                                              
  "projectType": [                                                                                                                                                                                                                                             
    "sap.watt.uitools.ide.fiori"                                                                                                                                                                                                                               
  ],                                                                                                                                                                                                                                                           
  "build": {                                                                                                                                                                                                                                                   
    "targetFolder": "dist",                                                                                                                                                                                                                                    
    "sourceFolder": "webapp",                                                                                                                                                                                                                                  
    "excludedFolders": [                                                                                                                                                                                                                                       
      "test"                                                                                                                                                                                                                                                   
    ],                                                                                                                                                                                                                                                         
    "excludedFiles": [                                                                                                                                                                                                                                         
      "test.html"                                                                                                                                                                                                                                              
    ]                                                                                                                                                                                                                                                          
  },                                                                                                                                                                                                                                                           
  "dataBinding": {                                                                                                                                                                                                                                             
    "/webapp/view/App.view.xml": {                                                                                                                                                                                                                             
      "entitySet": "UNBINDKEY"                                                                                                                                                                                                                                 
    },                                                                                                                                                                                                                                                         
    "/webapp/view/NotFound.view.xml": {                                                                                                                                                                                                                        
      "entitySet": "UNBINDKEY"                                                                                                                                                                                                                                 
    },                                                                                                                                                                                                                                                         
    "/webapp/view/ObjectNotFound.view.xml": {                                                                                                                                                                                                                  
      "entitySet": "UNBINDKEY"                                                                                                                                                                                                                                 
    },                                                                                                                                                                                                                                                         
    "/webapp/view/Worklist.view.xml": {                                                                                                                                                                                                                        
      "entitySet": "RequestSet"                                                                                                                                                                                                                                
    },                                                                                                                                                                                                                                                         
    "/webapp/view/Object.view.xml": {                                                                                                                                                                                                                          
      "entitySet": "RequestSet"                                                                                                                                                                                                                                
    }                                                                                                                                                                                                                                                          
  },                                                                                                                                                                                                                                                           
  "generation": [                                                                                                                                                                                                                                              
    {                                                                                                                                                                                                                                                          
      "templateId": "sap.ui.ui5-template-plugin.1worklist",                                                                                                                                                                                                    
      "templateVersion": "1.38.3",                                                                                                                                                                                                                             
      "dateTimeStamp": "Fri, 05 May 2017 21:34:54 GMT"                                                                                                                                                                                                         
    }                                                                                                                                                                                                                                                          
  ],                                                                                                                                                                                                                                                           
  "translation": {                                                                                                                                                                                                                                             
    "translationDomain": "",                                                                                                                                                                                                                                   
    "supportedLanguages": "en,fr,de",                                                                                                                                                                                                                          
    "defaultLanguage": "en",                                                                                                                                                                                                                                   
    "defaultI18NPropertyFile": "i18n.properties",                                                                                                                                                                                                              
    "resourceModelName": "i18n"                                                                                                                                                                                                                                
  },                                                                                                                                                                                                                                                           
  "mockpreview": {                                                                                                                                                                                                                                             
    "mockUri": "",                                                                                                                                                                                                                                             
    "metadataFilePath": "",                                                                                                                                                                                                                                    
    "loadJSONFiles": false,                                                                                                                                                                                                                                    
    "loadCustomRequests": false,                                                                                                                                                                                                                               
    "mockRequestsFilePath": ""                                                                                                                                                                                                                                 
  },                                                                                                                                                                                                                                                           
  "basevalidator": {                                                                                                                                                                                                                                           
    "services": {                                                                                                                                                                                                                                              
      "xml": "fioriXmlAnalysis",                                                                                                                                                                                                                               
      "js": "fioriJsValidator"                                                                                                                                                                                                                                 
    }                                                                                                                                                                                                                                                          
  },                                                                                                                                                                                                                                                           
  "codeCheckingTriggers": {                                                                                                                                                                                                                                    
    "notifyBeforePush": true,                                                                                                                                                                                                                                  
    "notifyBeforePushLevel": "Error",                                                                                                                                                                                                                          
    "blockPush": false,                                                                                                                                                                                                                                        
    "blockPushLevel": "Error"                                                                                                                                                                                                                                  
  }                                                                                                                                                                                                                                                            
}                                                                                                                                                                                                                                                              