﻿<?xml version="1.0" encoding="utf-8"?>
<abapGit version="v1.0.0" serializer="LCL_OBJECT_CLAS" serializer_version="v1.0.0">
 <asx:abap xmlns:asx="http://www.sap.com/abapxml" version="1.0">
  <asx:values>
   <VSEOCLASS>
    <CLSNAME>ZCX_CA_CTRLREQ_EXCECOES</CLSNAME>
    <VERSION>1</VERSION>
    <LANGU>P</LANGU>
    <DESCRIPT>Request</DESCRIPT>
    <CATEGORY>40</CATEGORY>
    <EXPOSURE>2</EXPOSURE>
    <STATE>1</STATE>
    <CLSCCINCL>X</CLSCCINCL>
    <FIXPT>X</FIXPT>
    <UNICODE>X</UNICODE>
   </VSEOCLASS>
   <DESCRIPTIONS>
    <SEOCOMPOTX>
     <CLSNAME>ZCX_CA_CTRLREQ_EXCECOES</CLSNAME>
     <CMPNAME>CONSTRUCTOR</CMPNAME>
     <LANGU>P</LANGU>
     <DESCRIPT>CONSTRUCTOR</DESCRIPT>
    </SEOCOMPOTX>
    <SEOCOMPOTX>
     <CLSNAME>ZCX_CA_CTRLREQ_EXCECOES</CLSNAME>
     <CMPNAME>MENSAGENS_SHDB</CMPNAME>
     <LANGU>P</LANGU>
     <DESCRIPT>Messages from Call Transaction</DESCRIPT>
    </SEOCOMPOTX>
    <SEOCOMPOTX>
     <CLSNAME>ZCX_CA_CTRLREQ_EXCECOES</CLSNAME>
     <CMPNAME>MSGV1</CMPNAME>
     <LANGU>P</LANGU>
     <DESCRIPT>Variável mensag.01</DESCRIPT>
    </SEOCOMPOTX>
    <SEOCOMPOTX>
     <CLSNAME>ZCX_CA_CTRLREQ_EXCECOES</CLSNAME>
     <CMPNAME>REQUEST_TASK</CMPNAME>
     <LANGU>P</LANGU>
     <DESCRIPT>Ordem/tarefa</DESCRIPT>
    </SEOCOMPOTX>
    <SEOCOMPOTX>
     <CLSNAME>ZCX_CA_CTRLREQ_EXCECOES</CLSNAME>
     <CMPNAME>T_MENSAGENS_ERRO</CMPNAME>
     <LANGU>P</LANGU>
     <DESCRIPT>Tabela genérica p/mensagens de erro</DESCRIPT>
    </SEOCOMPOTX>
    <SEOCOMPOTX>
     <CLSNAME>ZCX_CA_CTRLREQ_EXCECOES</CLSNAME>
     <CMPNAME>USUARIO</CMPNAME>
     <LANGU>P</LANGU>
     <DESCRIPT>Campo do sistema ABAP: nome do usuário atual</DESCRIPT>
    </SEOCOMPOTX>
   </DESCRIPTIONS>
  </asx:values>
 </asx:abap>
</abapGit>
