﻿<?xml version="1.0" encoding="utf-8"?>
<abapGit version="v1.0.0" serializer="LCL_OBJECT_DTEL" serializer_version="v1.0.0">
 <asx:abap xmlns:asx="http://www.sap.com/abapxml" version="1.0">
  <asx:values>
   <DD04V>
    <ROLLNAME>ZDCA_DATUM</ROLLNAME>
    <DDLANGUAGE>P</DDLANGUAGE>
    <DOMNAME>DATUM</DOMNAME>
    <HEADLEN>15</HEADLEN>
    <SCRLEN1>10</SCRLEN1>
    <SCRLEN2>15</SCRLEN2>
    <SCRLEN3>20</SCRLEN3>
    <DDTEXT>Data exportação</DDTEXT>
    <REPTEXT>Data exportação</REPTEXT>
    <SCRTEXT_S>Data exp.</SCRTEXT_S>
    <SCRTEXT_M>Data exportação</SCRTEXT_M>
    <SCRTEXT_L>Data exportação</SCRTEXT_L>
    <APPLCLASS>SAP</APPLCLASS>
    <DTELMASTER>P</DTELMASTER>
    <REFKIND>D</REFKIND>
   </DD04V>
   <I18N_LANGS>
    <LANGU>D</LANGU>
    <LANGU>E</LANGU>
    <LANGU>S</LANGU>
   </I18N_LANGS>
   <DD04_TEXTS>
    <item>
     <DDLANGUAGE>D</DDLANGUAGE>
     <DDTEXT>Data exportação</DDTEXT>
     <REPTEXT>Data exportação</REPTEXT>
     <SCRTEXT_S>Data Exp.</SCRTEXT_S>
     <SCRTEXT_M>Data exportação</SCRTEXT_M>
     <SCRTEXT_L>Data exportação</SCRTEXT_L>
    </item>
    <item>
     <DDLANGUAGE>E</DDLANGUAGE>
     <DDTEXT>Date</DDTEXT>
     <SCRTEXT_S>Date</SCRTEXT_S>
     <SCRTEXT_M>Date</SCRTEXT_M>
     <SCRTEXT_L>Date</SCRTEXT_L>
    </item>
    <item>
     <DDLANGUAGE>S</DDLANGUAGE>
     <DDTEXT>Fecha</DDTEXT>
     <SCRTEXT_S>Fecha</SCRTEXT_S>
     <SCRTEXT_M>Fecha</SCRTEXT_M>
     <SCRTEXT_L>Fecha</SCRTEXT_L>
    </item>
   </DD04_TEXTS>
  </asx:values>
 </asx:abap>
</abapGit>
