﻿<?xml version="1.0" encoding="utf-8"?>
<abapGit version="v1.0.0" serializer="LCL_OBJECT_DOMA" serializer_version="v1.0.0">
 <asx:abap xmlns:asx="http://www.sap.com/abapxml" version="1.0">
  <asx:values>
   <DD01V>
    <DOMNAME>ZDCA_TIPO_DEMANDA</DOMNAME>
    <DDLANGUAGE>P</DDLANGUAGE>
    <DATATYPE>CHAR</DATATYPE>
    <LENG>000002</LENG>
    <OUTPUTLEN>000002</OUTPUTLEN>
    <VALEXI>X</VALEXI>
    <DDTEXT>Tipo demanda</DDTEXT>
   </DD01V>
   <DD07V_TAB>
    <DD07V>
     <DOMNAME>ZDCA_TIPO_DEMANDA</DOMNAME>
     <VALPOS>0001</VALPOS>
     <DDLANGUAGE>P</DDLANGUAGE>
     <DOMVALUE_L>AT</DOMVALUE_L>
     <DDTEXT>Chamado/Atendimento</DDTEXT>
    </DD07V>
    <DD07V>
     <DOMNAME>ZDCA_TIPO_DEMANDA</DOMNAME>
     <VALPOS>0002</VALPOS>
     <DDLANGUAGE>P</DDLANGUAGE>
     <DOMVALUE_L>CR</DOMVALUE_L>
     <DDTEXT>CR</DDTEXT>
    </DD07V>
    <DD07V>
     <DOMNAME>ZDCA_TIPO_DEMANDA</DOMNAME>
     <VALPOS>0003</VALPOS>
     <DDLANGUAGE>P</DDLANGUAGE>
     <DOMVALUE_L>PJ</DOMVALUE_L>
     <DDTEXT>Projeto</DDTEXT>
    </DD07V>
   </DD07V_TAB>
  </asx:values>
 </asx:abap>
</abapGit>
