﻿<?xml version="1.0" encoding="utf-8"?>
<abapGit version="v1.0.0" serializer="LCL_OBJECT_DTEL" serializer_version="v1.0.0">
 <asx:abap xmlns:asx="http://www.sap.com/abapxml" version="1.0">
  <asx:values>
   <DD04V>
    <ROLLNAME>ZDCA_TRFUNCTION</ROLLNAME>
    <DDLANGUAGE>P</DDLANGUAGE>
    <DOMNAME>TRFUNCTION</DOMNAME>
    <HEADLEN>15</HEADLEN>
    <SCRLEN1>10</SCRLEN1>
    <SCRLEN2>20</SCRLEN2>
    <SCRLEN3>20</SCRLEN3>
    <DDTEXT>Tipo de Request</DDTEXT>
    <REPTEXT>Tipo de Request</REPTEXT>
    <SCRTEXT_S>Tipo Req.</SCRTEXT_S>
    <SCRTEXT_M>Tipo de Request</SCRTEXT_M>
    <SCRTEXT_L>Tipo de Request</SCRTEXT_L>
    <APPLCLASS>STRW</APPLCLASS>
    <DTELMASTER>P</DTELMASTER>
    <DEFFDNAME>AUFTRAGSTYP</DEFFDNAME>
    <REFKIND>D</REFKIND>
   </DD04V>
   <I18N_LANGS>
    <LANGU>D</LANGU>
    <LANGU>E</LANGU>
    <LANGU>S</LANGU>
   </I18N_LANGS>
   <DD04_TEXTS>
    <item>
     <DDLANGUAGE>D</DDLANGUAGE>
     <DDTEXT>Typ des Auftrags/Aufgabe</DDTEXT>
     <SCRTEXT_M>Typ</SCRTEXT_M>
    </item>
    <item>
     <DDLANGUAGE>E</DDLANGUAGE>
     <DDTEXT>Type of request/task</DDTEXT>
     <SCRTEXT_M>Type</SCRTEXT_M>
    </item>
    <item>
     <DDLANGUAGE>S</DDLANGUAGE>
     <DDTEXT>Tipo de orden/tarea</DDTEXT>
     <SCRTEXT_M>Tipo</SCRTEXT_M>
    </item>
   </DD04_TEXTS>
  </asx:values>
 </asx:abap>
</abapGit>
