﻿<?xml version="1.0" encoding="utf-8"?>
<abapGit version="v1.0.0" serializer="LCL_OBJECT_DTEL" serializer_version="v1.0.0">
 <asx:abap xmlns:asx="http://www.sap.com/abapxml" version="1.0">
  <asx:values>
   <DD04V>
    <ROLLNAME>ZDCA_UZEIT</ROLLNAME>
    <DDLANGUAGE>P</DDLANGUAGE>
    <DOMNAME>UZEIT</DOMNAME>
    <HEADLEN>15</HEADLEN>
    <SCRLEN1>10</SCRLEN1>
    <SCRLEN2>15</SCRLEN2>
    <SCRLEN3>20</SCRLEN3>
    <DDTEXT>Hora exportação</DDTEXT>
    <REPTEXT>Hora exportação</REPTEXT>
    <SCRTEXT_S>Hora exp.</SCRTEXT_S>
    <SCRTEXT_M>Hora exportação</SCRTEXT_M>
    <SCRTEXT_L>Hora exportação</SCRTEXT_L>
    <APPLCLASS>TEST</APPLCLASS>
    <DTELMASTER>P</DTELMASTER>
    <REFKIND>D</REFKIND>
   </DD04V>
   <I18N_LANGS>
    <LANGU>D</LANGU>
    <LANGU>E</LANGU>
    <LANGU>S</LANGU>
   </I18N_LANGS>
   <DD04_TEXTS>
    <item>
     <DDLANGUAGE>D</DDLANGUAGE>
     <DDTEXT>Hora exportação</DDTEXT>
     <REPTEXT>Hora exportação</REPTEXT>
     <SCRTEXT_S>H. export.</SCRTEXT_S>
     <SCRTEXT_M>Hora exportação</SCRTEXT_M>
     <SCRTEXT_L>Hora exportação</SCRTEXT_L>
    </item>
    <item>
     <DDLANGUAGE>E</DDLANGUAGE>
     <DDTEXT>Time</DDTEXT>
     <REPTEXT>Time</REPTEXT>
     <SCRTEXT_S>Time</SCRTEXT_S>
     <SCRTEXT_M>Time</SCRTEXT_M>
     <SCRTEXT_L>Time</SCRTEXT_L>
    </item>
    <item>
     <DDLANGUAGE>S</DDLANGUAGE>
     <DDTEXT>Hora del día</DDTEXT>
     <REPTEXT>Hora</REPTEXT>
     <SCRTEXT_S>Hora</SCRTEXT_S>
     <SCRTEXT_M>Hora</SCRTEXT_M>
     <SCRTEXT_L>Hora</SCRTEXT_L>
    </item>
   </DD04_TEXTS>
  </asx:values>
 </asx:abap>
</abapGit>
