﻿<?xml version="1.0" encoding="utf-8"?>
<abapGit version="v1.0.0" serializer="LCL_OBJECT_DTEL" serializer_version="v1.0.0">
 <asx:abap xmlns:asx="http://www.sap.com/abapxml" version="1.0">
  <asx:values>
   <DD04V>
    <ROLLNAME>ZDCA_MODULO</ROLLNAME>
    <DDLANGUAGE>P</DDLANGUAGE>
    <DOMNAME>APPLI_TR01</DOMNAME>
    <MEMORYID>API</MEMORYID>
    <HEADLEN>06</HEADLEN>
    <SCRLEN1>10</SCRLEN1>
    <SCRLEN2>15</SCRLEN2>
    <SCRLEN3>20</SCRLEN3>
    <DDTEXT>Módulo</DDTEXT>
    <REPTEXT>Módulo</REPTEXT>
    <SCRTEXT_S>Módulo</SCRTEXT_S>
    <SCRTEXT_M>Módulo</SCRTEXT_M>
    <SCRTEXT_L>Módulo</SCRTEXT_L>
    <APPLCLASS>FREO</APPLCLASS>
    <DTELMASTER>D</DTELMASTER>
    <REFKIND>D</REFKIND>
   </DD04V>
   <TPARA>
    <PARAMID>API</PARAMID>
    <PARTEXT>Aplicação SAP</PARTEXT>
   </TPARA>
   <I18N_LANGS>
    <LANGU>D</LANGU>
    <LANGU>E</LANGU>
    <LANGU>S</LANGU>
   </I18N_LANGS>
   <DD04_TEXTS>
    <item>
     <DDLANGUAGE>D</DDLANGUAGE>
     <DDTEXT>Módulo</DDTEXT>
     <REPTEXT>Módulo</REPTEXT>
     <SCRTEXT_S>Módulo</SCRTEXT_S>
     <SCRTEXT_M>Módulo</SCRTEXT_M>
     <SCRTEXT_L>Módulo</SCRTEXT_L>
    </item>
    <item>
     <DDLANGUAGE>E</DDLANGUAGE>
     <DDTEXT>Application</DDTEXT>
     <REPTEXT>Application</REPTEXT>
     <SCRTEXT_S>Applicatn</SCRTEXT_S>
     <SCRTEXT_M>Application</SCRTEXT_M>
     <SCRTEXT_L>Application</SCRTEXT_L>
    </item>
    <item>
     <DDLANGUAGE>S</DDLANGUAGE>
     <DDTEXT>Aplicación</DDTEXT>
     <REPTEXT>Aplicación</REPTEXT>
     <SCRTEXT_S>Aplicación</SCRTEXT_S>
     <SCRTEXT_M>Aplicación</SCRTEXT_M>
     <SCRTEXT_L>Aplicación</SCRTEXT_L>
    </item>
   </DD04_TEXTS>
  </asx:values>
 </asx:abap>
</abapGit>
