﻿<?xml version="1.0" encoding="utf-8"?>
<abapGit version="v1.0.0" serializer="LCL_OBJECT_DTEL" serializer_version="v1.0.0">
 <asx:abap xmlns:asx="http://www.sap.com/abapxml" version="1.0">
  <asx:values>
   <DD04V>
    <ROLLNAME>ZDCA_CONSULTOR</ROLLNAME>
    <DDLANGUAGE>P</DDLANGUAGE>
    <DOMNAME>ZDCONSULTOR</DOMNAME>
    <HEADLEN>12</HEADLEN>
    <SCRLEN1>10</SCRLEN1>
    <SCRLEN2>15</SCRLEN2>
    <SCRLEN3>20</SCRLEN3>
    <DDTEXT>Consultor</DDTEXT>
    <REPTEXT>Consultor</REPTEXT>
    <SCRTEXT_S>Consultor</SCRTEXT_S>
    <SCRTEXT_M>Consultor</SCRTEXT_M>
    <SCRTEXT_L>Consultor</SCRTEXT_L>
    <DTELMASTER>P</DTELMASTER>
    <SHLPNAME>ZSHLP_CONSULTORES</SHLPNAME>
    <SHLPFIELD>CONSULTOR</SHLPFIELD>
    <REFKIND>D</REFKIND>
   </DD04V>
  </asx:values>
 </asx:abap>
</abapGit>
