﻿<?xml version="1.0" encoding="utf-8"?>
<abapGit version="v1.0.0" serializer="LCL_OBJECT_DTEL" serializer_version="v1.0.0">
 <asx:abap xmlns:asx="http://www.sap.com/abapxml" version="1.0">
  <asx:values>
   <DD04V>
    <ROLLNAME>ZDCA_TRKORR_ORIGEM</ROLLNAME>
    <DDLANGUAGE>P</DDLANGUAGE>
    <DOMNAME>TRKORR</DOMNAME>
    <HEADLEN>20</HEADLEN>
    <SCRLEN1>10</SCRLEN1>
    <SCRLEN2>15</SCRLEN2>
    <SCRLEN3>20</SCRLEN3>
    <DDTEXT>Request Origem</DDTEXT>
    <REPTEXT>Request Origem</REPTEXT>
    <SCRTEXT_S>Req. Orig.</SCRTEXT_S>
    <SCRTEXT_M>Request Origem</SCRTEXT_M>
    <SCRTEXT_L>Request Origem</SCRTEXT_L>
    <APPLCLASS>STRW</APPLCLASS>
    <DTELMASTER>P</DTELMASTER>
    <DEFFDNAME>AUFTRAGS-NUMMER</DEFFDNAME>
    <REFKIND>D</REFKIND>
   </DD04V>
   <I18N_LANGS>
    <LANGU>D</LANGU>
    <LANGU>E</LANGU>
    <LANGU>S</LANGU>
   </I18N_LANGS>
   <DD04_TEXTS>
    <item>
     <DDLANGUAGE>D</DDLANGUAGE>
     <DDTEXT>Auftrag/Aufgabe</DDTEXT>
     <REPTEXT>Auftrag/Aufgabe</REPTEXT>
     <SCRTEXT_S>Auftrag</SCRTEXT_S>
     <SCRTEXT_M>Auftrag/Aufgabe</SCRTEXT_M>
     <SCRTEXT_L>Auftrag/Aufgabe</SCRTEXT_L>
    </item>
    <item>
     <DDLANGUAGE>E</DDLANGUAGE>
     <DDTEXT>Request/Task</DDTEXT>
     <REPTEXT>Request/Task</REPTEXT>
     <SCRTEXT_S>Request</SCRTEXT_S>
     <SCRTEXT_M>Request/Task</SCRTEXT_M>
     <SCRTEXT_L>Request/Task</SCRTEXT_L>
    </item>
    <item>
     <DDLANGUAGE>S</DDLANGUAGE>
     <DDTEXT>Orden/Tarea</DDTEXT>
     <REPTEXT>Orden/Tarea</REPTEXT>
     <SCRTEXT_S>Orden</SCRTEXT_S>
     <SCRTEXT_M>Orden/Tarea</SCRTEXT_M>
     <SCRTEXT_L>Orden/Tarea</SCRTEXT_L>
    </item>
   </DD04_TEXTS>
  </asx:values>
 </asx:abap>
</abapGit>
