﻿<?xml version="1.0" encoding="utf-8"?>
<abapGit version="v1.0.0" serializer="LCL_OBJECT_DTEL" serializer_version="v1.0.0">
 <asx:abap xmlns:asx="http://www.sap.com/abapxml" version="1.0">
  <asx:values>
   <DD04V>
    <ROLLNAME>ZDCA_RICEF</ROLLNAME>
    <DDLANGUAGE>P</DDLANGUAGE>
    <DOMNAME>NUMC5</DOMNAME>
    <HEADLEN>12</HEADLEN>
    <SCRLEN1>10</SCRLEN1>
    <SCRLEN2>15</SCRLEN2>
    <SCRLEN3>20</SCRLEN3>
    <DDTEXT>CR</DDTEXT>
    <REPTEXT>CR</REPTEXT>
    <SCRTEXT_S>Cod. CR</SCRTEXT_S>
    <SCRTEXT_M>CR</SCRTEXT_M>
    <SCRTEXT_L>CR</SCRTEXT_L>
    <DTELMASTER>P</DTELMASTER>
    <REFKIND>D</REFKIND>
   </DD04V>
  </asx:values>
 </asx:abap>
</abapGit>
