﻿<?xml version="1.0" encoding="utf-8"?>
<abapGit version="v1.0.0" serializer="LCL_OBJECT_TABL" serializer_version="v1.0.0">
 <asx:abap xmlns:asx="http://www.sap.com/abapxml" version="1.0">
  <asx:values>
   <DD02V>
    <TABNAME>ZECA_REQUESTS</TABNAME>
    <DDLANGUAGE>P</DDLANGUAGE>
    <TABCLASS>INTTAB</TABCLASS>
    <DDTEXT>REQUESTS</DDTEXT>
    <EXCLASS>1</EXCLASS>
   </DD02V>
   <DD03P_TABLE>
    <DD03P>
     <TABNAME>ZECA_REQUESTS</TABNAME>
     <FIELDNAME>TRKORR</FIELDNAME>
     <POSITION>0001</POSITION>
     <ROLLNAME>ZDCA_TRKORR</ROLLNAME>
     <ADMINFIELD>0</ADMINFIELD>
     <COMPTYPE>E</COMPTYPE>
    </DD03P>
    <DD03P>
     <TABNAME>ZECA_REQUESTS</TABNAME>
     <FIELDNAME>MODULO</FIELDNAME>
     <POSITION>0002</POSITION>
     <ROLLNAME>ZDCA_MODULO</ROLLNAME>
     <ADMINFIELD>0</ADMINFIELD>
     <VALEXI>X</VALEXI>
     <SHLPORIGIN>F</SHLPORIGIN>
     <COMPTYPE>E</COMPTYPE>
    </DD03P>
    <DD03P>
     <TABNAME>ZECA_REQUESTS</TABNAME>
     <FIELDNAME>CONSULTOR</FIELDNAME>
     <POSITION>0003</POSITION>
     <ROLLNAME>ZDCA_CONSULTOR</ROLLNAME>
     <ADMINFIELD>0</ADMINFIELD>
     <SHLPORIGIN>D</SHLPORIGIN>
     <COMPTYPE>E</COMPTYPE>
    </DD03P>
    <DD03P>
     <TABNAME>ZECA_REQUESTS</TABNAME>
     <FIELDNAME>AS4TEXT</FIELDNAME>
     <POSITION>0004</POSITION>
     <ROLLNAME>AS4TEXT</ROLLNAME>
     <ADMINFIELD>0</ADMINFIELD>
     <COMPTYPE>E</COMPTYPE>
    </DD03P>
    <DD03P>
     <TABNAME>ZECA_REQUESTS</TABNAME>
     <FIELDNAME>FUNCIONAL</FIELDNAME>
     <POSITION>0005</POSITION>
     <ROLLNAME>ZDCA_FUNCIONAL</ROLLNAME>
     <ADMINFIELD>0</ADMINFIELD>
     <SHLPORIGIN>D</SHLPORIGIN>
     <COMPTYPE>E</COMPTYPE>
    </DD03P>
    <DD03P>
     <TABNAME>ZECA_REQUESTS</TABNAME>
     <FIELDNAME>DATA_HORA</FIELDNAME>
     <POSITION>0006</POSITION>
     <ROLLNAME>TZNTSTMPS</ROLLNAME>
     <ADMINFIELD>0</ADMINFIELD>
     <COMPTYPE>E</COMPTYPE>
    </DD03P>
    <DD03P>
     <TABNAME>ZECA_REQUESTS</TABNAME>
     <FIELDNAME>DATA_HORA_EXPORTACAO</FIELDNAME>
     <POSITION>0007</POSITION>
     <ROLLNAME>TZNTSTMPS</ROLLNAME>
     <ADMINFIELD>0</ADMINFIELD>
     <COMPTYPE>E</COMPTYPE>
    </DD03P>
    <DD03P>
     <TABNAME>ZECA_REQUESTS</TABNAME>
     <FIELDNAME>DEMANDA</FIELDNAME>
     <POSITION>0008</POSITION>
     <ROLLNAME>NUMC7</ROLLNAME>
     <ADMINFIELD>0</ADMINFIELD>
     <COMPTYPE>E</COMPTYPE>
    </DD03P>
    <DD03P>
     <TABNAME>ZECA_REQUESTS</TABNAME>
     <FIELDNAME>IS_DESTINO_FINAL</FIELDNAME>
     <POSITION>0009</POSITION>
     <ROLLNAME>XFELD</ROLLNAME>
     <ADMINFIELD>0</ADMINFIELD>
     <VALEXI>X</VALEXI>
     <SHLPORIGIN>F</SHLPORIGIN>
     <COMPTYPE>E</COMPTYPE>
    </DD03P>
    <DD03P>
     <TABNAME>ZECA_REQUESTS</TABNAME>
     <FIELDNAME>REQUEST_ORIGEM</FIELDNAME>
     <POSITION>0010</POSITION>
     <ROLLNAME>ZDCA_TRKORR_ORIGEM</ROLLNAME>
     <ADMINFIELD>0</ADMINFIELD>
     <COMPTYPE>E</COMPTYPE>
    </DD03P>
    <DD03P>
     <TABNAME>ZECA_REQUESTS</TABNAME>
     <FIELDNAME>TRFUNCTION</FIELDNAME>
     <POSITION>0011</POSITION>
     <ROLLNAME>ZDCA_TRFUNCTION</ROLLNAME>
     <ADMINFIELD>0</ADMINFIELD>
     <VALEXI>X</VALEXI>
     <SHLPORIGIN>F</SHLPORIGIN>
     <COMPTYPE>E</COMPTYPE>
    </DD03P>
    <DD03P>
     <TABNAME>ZECA_REQUESTS</TABNAME>
     <FIELDNAME>TIPO_DEMANDA</FIELDNAME>
     <POSITION>0012</POSITION>
     <ROLLNAME>ZDCA_TIPO_DEMANDA</ROLLNAME>
     <ADMINFIELD>0</ADMINFIELD>
     <VALEXI>X</VALEXI>
     <SHLPORIGIN>F</SHLPORIGIN>
     <COMPTYPE>E</COMPTYPE>
    </DD03P>
    <DD03P>
     <TABNAME>ZECA_REQUESTS</TABNAME>
     <FIELDNAME>PROCESS_AREA</FIELDNAME>
     <POSITION>0013</POSITION>
     <ROLLNAME>/ACNADMS/DE_MODUL</ROLLNAME>
     <ADMINFIELD>0</ADMINFIELD>
     <VALEXI>X</VALEXI>
     <SHLPORIGIN>F</SHLPORIGIN>
     <COMPTYPE>E</COMPTYPE>
    </DD03P>
    <DD03P>
     <TABNAME>ZECA_REQUESTS</TABNAME>
     <FIELDNAME>DEV</FIELDNAME>
     <POSITION>0014</POSITION>
     <ROLLNAME>WDY_BOOLEAN</ROLLNAME>
     <ADMINFIELD>0</ADMINFIELD>
     <VALEXI>X</VALEXI>
     <SHLPORIGIN>F</SHLPORIGIN>
     <COMPTYPE>E</COMPTYPE>
    </DD03P>
    <DD03P>
     <TABNAME>ZECA_REQUESTS</TABNAME>
     <FIELDNAME>QAS</FIELDNAME>
     <POSITION>0015</POSITION>
     <ROLLNAME>WDY_BOOLEAN</ROLLNAME>
     <ADMINFIELD>0</ADMINFIELD>
     <VALEXI>X</VALEXI>
     <SHLPORIGIN>F</SHLPORIGIN>
     <COMPTYPE>E</COMPTYPE>
    </DD03P>
    <DD03P>
     <TABNAME>ZECA_REQUESTS</TABNAME>
     <FIELDNAME>PRD</FIELDNAME>
     <POSITION>0016</POSITION>
     <ROLLNAME>WDY_BOOLEAN</ROLLNAME>
     <ADMINFIELD>0</ADMINFIELD>
     <VALEXI>X</VALEXI>
     <SHLPORIGIN>F</SHLPORIGIN>
     <COMPTYPE>E</COMPTYPE>
    </DD03P>
    <DD03P>
     <TABNAME>ZECA_REQUESTS</TABNAME>
     <FIELDNAME>DATA_HORA_DEV</FIELDNAME>
     <POSITION>0017</POSITION>
     <ROLLNAME>TZNTSTMPS</ROLLNAME>
     <ADMINFIELD>0</ADMINFIELD>
     <COMPTYPE>E</COMPTYPE>
    </DD03P>
    <DD03P>
     <TABNAME>ZECA_REQUESTS</TABNAME>
     <FIELDNAME>DATA_HORA_QAS</FIELDNAME>
     <POSITION>0018</POSITION>
     <ROLLNAME>TZNTSTMPS</ROLLNAME>
     <ADMINFIELD>0</ADMINFIELD>
     <COMPTYPE>E</COMPTYPE>
    </DD03P>
    <DD03P>
     <TABNAME>ZECA_REQUESTS</TABNAME>
     <FIELDNAME>DATA_HORA_PRD</FIELDNAME>
     <POSITION>0019</POSITION>
     <ROLLNAME>TZNTSTMPS</ROLLNAME>
     <ADMINFIELD>0</ADMINFIELD>
     <COMPTYPE>E</COMPTYPE>
    </DD03P>
    <DD03P>
     <TABNAME>ZECA_REQUESTS</TABNAME>
     <FIELDNAME>TRFUNCT</FIELDNAME>
     <POSITION>0020</POSITION>
     <ROLLNAME>VAL_TEXT</ROLLNAME>
     <ADMINFIELD>0</ADMINFIELD>
     <COMPTYPE>E</COMPTYPE>
    </DD03P>
    <DD03P>
     <TABNAME>ZECA_REQUESTS</TABNAME>
     <FIELDNAME>CLIENT</FIELDNAME>
     <POSITION>0021</POSITION>
     <ROLLNAME>TRCLIENT</ROLLNAME>
     <ADMINFIELD>0</ADMINFIELD>
     <COMPTYPE>E</COMPTYPE>
    </DD03P>
   </DD03P_TABLE>
  </asx:values>
 </asx:abap>
</abapGit>
