﻿<?xml version="1.0" encoding="utf-8"?>
<abapGit version="v1.0.0" serializer="LCL_OBJECT_SRFC" serializer_version="v1.0.0">
 <asx:abap xmlns:asx="http://www.sap.com/abapxml" version="1.0">
  <asx:values>
   <SRFC>
    <HEADER>
     <ID>ZFCA_SALVA_REQUEST</ID>
     <VERSION>A</VERSION>
     <FUNCNAME>ZFCA_SALVA_REQUEST</FUNCNAME>
     <CREATEDBY>9999567</CREATEDBY>
     <CREATEDON>2017-08-07</CREATEDON>
     <CREATEDAT>18:39:58</CREATEDAT>
    </HEADER>
    <TEXT>
     <ID>ZFCA_SALVA_REQUEST</ID>
     <VERSION>A</VERSION>
     <LANG>P</LANG>
     <SHORTTEXT>Serviço RFC padrão para módulo de função: ZFCA_SALVA_REQUEST</SHORTTEXT>
    </TEXT>
   </SRFC>
  </asx:values>
 </asx:abap>
</abapGit>
