﻿<?xml version="1.0" encoding="utf-8"?>
<abapGit version="v1.0.0" serializer="LCL_OBJECT_FUGR" serializer_version="v1.0.0">
 <asx:abap xmlns:asx="http://www.sap.com/abapxml" version="1.0">
  <asx:values>
   <AREAT>RFC_REQUEST</AREAT>
   <INCLUDES>
    <SOBJ_NAME>LZGFCA_REQUESTTOP</SOBJ_NAME>
    <SOBJ_NAME>SAPLZGFCA_REQUEST</SOBJ_NAME>
   </INCLUDES>
   <FUNCTIONS>
    <item>
     <FUNCNAME>ZFCA_GET_REQUEST</FUNCNAME>
     <SHORT_TEXT>RFC GET REQUEST</SHORT_TEXT>
     <IMPORT>
      <RSIMP>
       <PARAMETER>IW_RANGE</PARAMETER>
       <TYP>ZIF_CA_CTRLREQ_BANCO_DADOS=&gt;TY_RANGE</TYP>
      </RSIMP>
      <RSIMP>
       <PARAMETER>IW_AMBIENTES</PARAMETER>
       <TYP>ZCL_CA_CTRLREQ_INFO_REQUEST=&gt;TY_AMBIENTES_SOLICITADOS</TYP>
      </RSIMP>
     </IMPORT>
     <EXPORT>
      <RSEXP>
       <PARAMETER>RT_REQUEST</PARAMETER>
       <TYP>ZIF_CA_CTRLREQ_REQUEST_REPOSIT=&gt;TY_REPORT_TAB</TYP>
      </RSEXP>
     </EXPORT>
     <DOCUMENTATION>
      <RSFDO>
       <PARAMETER>IW_RANGE</PARAMETER>
       <KIND>P</KIND>
       <INDEX> 001</INDEX>
      </RSFDO>
      <RSFDO>
       <PARAMETER>IW_AMBIENTES</PARAMETER>
       <KIND>P</KIND>
       <INDEX> 002</INDEX>
      </RSFDO>
      <RSFDO>
       <PARAMETER>RT_REQUEST</PARAMETER>
       <KIND>P</KIND>
       <INDEX> 003</INDEX>
      </RSFDO>
     </DOCUMENTATION>
    </item>
    <item>
     <FUNCNAME>ZFCA_IMPORTA_REQUEST</FUNCNAME>
     <REMOTE_CALL>R</REMOTE_CALL>
     <SHORT_TEXT>importa request</SHORT_TEXT>
     <IMPORT>
      <RSIMP>
       <PARAMETER>I_REQUEST</PARAMETER>
       <TYP>ZTCA_REQUESTS-TRKORR</TYP>
      </RSIMP>
     </IMPORT>
     <EXPORT>
      <RSEXP>
       <PARAMETER>R_REQUEST</PARAMETER>
       <TYP>ZTCA_REQUESTS</TYP>
      </RSEXP>
     </EXPORT>
     <EXCEPTION>
      <RSEXC>
       <EXCEPTION>ZCX_CA_CTRLREQ_EXCECOES</EXCEPTION>
      </RSEXC>
     </EXCEPTION>
     <DOCUMENTATION>
      <RSFDO>
       <PARAMETER>I_REQUEST</PARAMETER>
       <KIND>P</KIND>
       <STEXT>Request</STEXT>
       <INDEX> 001</INDEX>
      </RSFDO>
      <RSFDO>
       <PARAMETER>R_REQUEST</PARAMETER>
       <KIND>P</KIND>
       <STEXT>Controle de Requests</STEXT>
       <INDEX> 002</INDEX>
      </RSFDO>
      <RSFDO>
       <PARAMETER>ZCX_CA_CTRLREQ_EXCECOES</PARAMETER>
       <KIND>X</KIND>
       <INDEX> 003</INDEX>
      </RSFDO>
     </DOCUMENTATION>
    </item>
    <item>
     <FUNCNAME>ZFCA_REQUEST</FUNCNAME>
     <SHORT_TEXT>RFC Request</SHORT_TEXT>
    </item>
    <item>
     <FUNCNAME>ZFCA_SALVA_REQUEST</FUNCNAME>
     <REMOTE_CALL>R</REMOTE_CALL>
     <SHORT_TEXT>Salva Request</SHORT_TEXT>
     <CHANGING>
      <RSCHA>
       <PARAMETER>C_REQUEST</PARAMETER>
       <TYP>ZTCA_REQUESTS</TYP>
      </RSCHA>
     </CHANGING>
     <EXCEPTION>
      <RSEXC>
       <EXCEPTION>ZCX_CA_CTRLREQ_EXCECOES</EXCEPTION>
      </RSEXC>
     </EXCEPTION>
     <DOCUMENTATION>
      <RSFDO>
       <PARAMETER>C_REQUEST</PARAMETER>
       <KIND>P</KIND>
       <STEXT>Controle de Requests</STEXT>
       <INDEX> 001</INDEX>
      </RSFDO>
      <RSFDO>
       <PARAMETER>ZCX_CA_CTRLREQ_EXCECOES</PARAMETER>
       <KIND>X</KIND>
       <INDEX> 002</INDEX>
      </RSFDO>
     </DOCUMENTATION>
    </item>
   </FUNCTIONS>
  </asx:values>
 </asx:abap>
</abapGit>
