﻿<?xml version="1.0" encoding="utf-8"?>
<abapGit version="v1.0.0" serializer="LCL_OBJECT_INTF" serializer_version="v1.0.0">
 <asx:abap xmlns:asx="http://www.sap.com/abapxml" version="1.0">
  <asx:values>
   <VSEOINTERF>
    <CLSNAME>ZIF_CA_CALL_TRANSACTION_SHDB</CLSNAME>
    <VERSION>1</VERSION>
    <LANGU>P</LANGU>
    <DESCRIPT>Execução de Call Transaction com mapeamento de telas SHDB</DESCRIPT>
    <EXPOSURE>2</EXPOSURE>
    <STATE>1</STATE>
    <UNICODE>X</UNICODE>
   </VSEOINTERF>
  </asx:values>
 </asx:abap>
</abapGit>
