﻿<?xml version="1.0" encoding="utf-8"?>
<abapGit version="v1.0.0" serializer="LCL_OBJECT_SHLP" serializer_version="v1.0.0">
 <asx:abap xmlns:asx="http://www.sap.com/abapxml" version="1.0">
  <asx:values>
   <DD30V>
    <SHLPNAME>ZSHLP_CONSULTORES</SHLPNAME>
    <DDLANGUAGE>P</DDLANGUAGE>
    <DDTEXT>Ajuda de Pesquisa para consultores</DDTEXT>
    <ISSIMPLE>X</ISSIMPLE>
    <SELMETHOD>ZTCA_CONSULTORES</SELMETHOD>
    <SELMTYPE>T</SELMTYPE>
    <DIALOGTYPE>D</DIALOGTYPE>
    <FUZZY_SIMILARITY>0.8</FUZZY_SIMILARITY>
   </DD30V>
   <DD32P_TABLE>
    <DD32P>
     <SHLPNAME>ZSHLP_CONSULTORES</SHLPNAME>
     <FIELDNAME>CONSULTOR</FIELDNAME>
     <FLPOSITION>0001</FLPOSITION>
     <ROLLNAME>ZCONSULTOR</ROLLNAME>
     <SHLPINPUT>X</SHLPINPUT>
     <SHLPOUTPUT>X</SHLPOUTPUT>
     <SHLPLISPOS>01</SHLPLISPOS>
     <SCRLEN3>20</SCRLEN3>
    </DD32P>
    <DD32P>
     <SHLPNAME>ZSHLP_CONSULTORES</SHLPNAME>
     <FIELDNAME>DESCRICAO</FIELDNAME>
     <FLPOSITION>0002</FLPOSITION>
     <ROLLNAME>AD_NAMTEXT</ROLLNAME>
     <SHLPINPUT>X</SHLPINPUT>
     <SHLPOUTPUT>X</SHLPOUTPUT>
     <SHLPLISPOS>02</SHLPLISPOS>
     <SCRLEN3>20</SCRLEN3>
    </DD32P>
    <DD32P>
     <SHLPNAME>ZSHLP_CONSULTORES</SHLPNAME>
     <FIELDNAME>FUNCIONAL</FIELDNAME>
     <FLPOSITION>0003</FLPOSITION>
     <ROLLNAME>XFELD</ROLLNAME>
     <SHLPINPUT>X</SHLPINPUT>
     <SHLPOUTPUT>X</SHLPOUTPUT>
     <SHLPLISPOS>03</SHLPLISPOS>
    </DD32P>
   </DD32P_TABLE>
  </asx:values>
 </asx:abap>
</abapGit>
