﻿<?xml version="1.0" encoding="utf-8"?>
<abapGit version="v1.0.0" serializer="LCL_OBJECT_TABL" serializer_version="v1.0.0">
 <asx:abap xmlns:asx="http://www.sap.com/abapxml" version="1.0">
  <asx:values>
   <DD02V>
    <TABNAME>ZTCA_REQUESTS</TABNAME>
    <DDLANGUAGE>P</DDLANGUAGE>
    <TABCLASS>TRANSP</TABCLASS>
    <DDTEXT>Controle de Requests</DDTEXT>
    <MAINFLAG>X</MAINFLAG>
    <CONTFLAG>A</CONTFLAG>
    <EXCLASS>1</EXCLASS>
   </DD02V>
   <DD09L>
    <TABNAME>ZTCA_REQUESTS</TABNAME>
    <AS4LOCAL>A</AS4LOCAL>
    <TABKAT>0</TABKAT>
    <TABART>APPL0</TABART>
    <PROTOKOLL>X</PROTOKOLL>
    <BUFALLOW>N</BUFALLOW>
    <ROWORCOLST>C</ROWORCOLST>
   </DD09L>
   <DD03P_TABLE>
    <DD03P>
     <TABNAME>ZTCA_REQUESTS</TABNAME>
     <FIELDNAME>TRKORR</FIELDNAME>
     <POSITION>0001</POSITION>
     <KEYFLAG>X</KEYFLAG>
     <ROLLNAME>ZDCA_TRKORR</ROLLNAME>
     <ADMINFIELD>0</ADMINFIELD>
     <NOTNULL>X</NOTNULL>
     <COMPTYPE>E</COMPTYPE>
    </DD03P>
    <DD03P>
     <TABNAME>ZTCA_REQUESTS</TABNAME>
     <FIELDNAME>MODULO</FIELDNAME>
     <POSITION>0002</POSITION>
     <ROLLNAME>ZDCA_MODULO</ROLLNAME>
     <ADMINFIELD>0</ADMINFIELD>
     <VALEXI>X</VALEXI>
     <SHLPORIGIN>F</SHLPORIGIN>
     <COMPTYPE>E</COMPTYPE>
    </DD03P>
    <DD03P>
     <TABNAME>ZTCA_REQUESTS</TABNAME>
     <FIELDNAME>CONSULTOR</FIELDNAME>
     <POSITION>0003</POSITION>
     <ROLLNAME>ZDCA_CONSULTOR</ROLLNAME>
     <CHECKTABLE>ZTCA_CONSULTORES</CHECKTABLE>
     <ADMINFIELD>0</ADMINFIELD>
     <SHLPORIGIN>P</SHLPORIGIN>
     <SHLPNAME>ZSHLP_CONSULTORES</SHLPNAME>
     <SHLPFIELD>CONSULTOR</SHLPFIELD>
     <COMPTYPE>E</COMPTYPE>
    </DD03P>
    <DD03P>
     <TABNAME>ZTCA_REQUESTS</TABNAME>
     <FIELDNAME>AS4TEXT</FIELDNAME>
     <POSITION>0004</POSITION>
     <ROLLNAME>AS4TEXT</ROLLNAME>
     <ADMINFIELD>0</ADMINFIELD>
     <COMPTYPE>E</COMPTYPE>
    </DD03P>
    <DD03P>
     <TABNAME>ZTCA_REQUESTS</TABNAME>
     <FIELDNAME>FUNCIONAL</FIELDNAME>
     <POSITION>0005</POSITION>
     <ROLLNAME>ZDCA_FUNCIONAL</ROLLNAME>
     <ADMINFIELD>0</ADMINFIELD>
     <SHLPORIGIN>D</SHLPORIGIN>
     <COMPTYPE>E</COMPTYPE>
    </DD03P>
    <DD03P>
     <TABNAME>ZTCA_REQUESTS</TABNAME>
     <FIELDNAME>DATA</FIELDNAME>
     <POSITION>0006</POSITION>
     <ROLLNAME>DATUM</ROLLNAME>
     <ADMINFIELD>0</ADMINFIELD>
     <SHLPORIGIN>T</SHLPORIGIN>
     <COMPTYPE>E</COMPTYPE>
    </DD03P>
    <DD03P>
     <TABNAME>ZTCA_REQUESTS</TABNAME>
     <FIELDNAME>HORA</FIELDNAME>
     <POSITION>0007</POSITION>
     <ROLLNAME>UZEIT</ROLLNAME>
     <ADMINFIELD>0</ADMINFIELD>
     <SHLPORIGIN>T</SHLPORIGIN>
     <COMPTYPE>E</COMPTYPE>
    </DD03P>
    <DD03P>
     <TABNAME>ZTCA_REQUESTS</TABNAME>
     <FIELDNAME>DATAEX</FIELDNAME>
     <POSITION>0008</POSITION>
     <ROLLNAME>ZDCA_DATUM</ROLLNAME>
     <ADMINFIELD>0</ADMINFIELD>
     <SHLPORIGIN>T</SHLPORIGIN>
     <COMPTYPE>E</COMPTYPE>
    </DD03P>
    <DD03P>
     <TABNAME>ZTCA_REQUESTS</TABNAME>
     <FIELDNAME>HORAEX</FIELDNAME>
     <POSITION>0009</POSITION>
     <ROLLNAME>ZDCA_UZEIT</ROLLNAME>
     <ADMINFIELD>0</ADMINFIELD>
     <SHLPORIGIN>T</SHLPORIGIN>
     <COMPTYPE>E</COMPTYPE>
    </DD03P>
    <DD03P>
     <TABNAME>ZTCA_REQUESTS</TABNAME>
     <FIELDNAME>DEMANDA</FIELDNAME>
     <POSITION>0010</POSITION>
     <ROLLNAME>NUMC7</ROLLNAME>
     <ADMINFIELD>0</ADMINFIELD>
     <COMPTYPE>E</COMPTYPE>
    </DD03P>
    <DD03P>
     <TABNAME>ZTCA_REQUESTS</TABNAME>
     <FIELDNAME>IS_DESTINO_FINAL</FIELDNAME>
     <POSITION>0011</POSITION>
     <ROLLNAME>XFELD</ROLLNAME>
     <ADMINFIELD>0</ADMINFIELD>
     <VALEXI>X</VALEXI>
     <SHLPORIGIN>F</SHLPORIGIN>
     <COMPTYPE>E</COMPTYPE>
    </DD03P>
    <DD03P>
     <TABNAME>ZTCA_REQUESTS</TABNAME>
     <FIELDNAME>REQUEST_ORIGEM</FIELDNAME>
     <POSITION>0012</POSITION>
     <ROLLNAME>ZDCA_TRKORR_ORIGEM</ROLLNAME>
     <ADMINFIELD>0</ADMINFIELD>
     <COMPTYPE>E</COMPTYPE>
    </DD03P>
    <DD03P>
     <TABNAME>ZTCA_REQUESTS</TABNAME>
     <FIELDNAME>TRFUNCTION</FIELDNAME>
     <POSITION>0013</POSITION>
     <ROLLNAME>ZDCA_TRFUNCTION</ROLLNAME>
     <ADMINFIELD>0</ADMINFIELD>
     <VALEXI>X</VALEXI>
     <SHLPORIGIN>F</SHLPORIGIN>
     <COMPTYPE>E</COMPTYPE>
    </DD03P>
    <DD03P>
     <TABNAME>ZTCA_REQUESTS</TABNAME>
     <FIELDNAME>TIPO_DEMANDA</FIELDNAME>
     <POSITION>0014</POSITION>
     <ROLLNAME>ZDCA_TIPO_DEMANDA</ROLLNAME>
     <ADMINFIELD>0</ADMINFIELD>
     <VALEXI>X</VALEXI>
     <SHLPORIGIN>F</SHLPORIGIN>
     <COMPTYPE>E</COMPTYPE>
    </DD03P>
    <DD03P>
     <TABNAME>ZTCA_REQUESTS</TABNAME>
     <FIELDNAME>PROCESS_AREA</FIELDNAME>
     <POSITION>0015</POSITION>
     <ROLLNAME>/ACNADMS/DE_MODUL</ROLLNAME>
     <ADMINFIELD>0</ADMINFIELD>
     <VALEXI>X</VALEXI>
     <SHLPORIGIN>F</SHLPORIGIN>
     <COMPTYPE>E</COMPTYPE>
    </DD03P>
   </DD03P_TABLE>
   <DD05M_TABLE>
    <DD05M>
     <TABNAME>ZTCA_REQUESTS</TABNAME>
     <FIELDNAME>CONSULTOR</FIELDNAME>
     <FORTABLE>SYST</FORTABLE>
     <FORKEY>MANDT</FORKEY>
     <CHECKTABLE>ZTCA_CONSULTORES</CHECKTABLE>
     <CHECKFIELD>MANDT</CHECKFIELD>
     <PRIMPOS>0001</PRIMPOS>
     <DOMNAME>MANDT</DOMNAME>
     <DATATYPE>CLNT</DATATYPE>
     <LENG>000003</LENG>
    </DD05M>
    <DD05M>
     <TABNAME>ZTCA_REQUESTS</TABNAME>
     <FIELDNAME>CONSULTOR</FIELDNAME>
     <FORTABLE>ZTCA_REQUESTS</FORTABLE>
     <FORKEY>CONSULTOR</FORKEY>
     <CHECKTABLE>ZTCA_CONSULTORES</CHECKTABLE>
     <CHECKFIELD>CONSULTOR</CHECKFIELD>
     <PRIMPOS>0002</PRIMPOS>
     <DOMNAME>ZDCONSULTOR</DOMNAME>
     <DATATYPE>CHAR</DATATYPE>
     <LENG>000012</LENG>
    </DD05M>
   </DD05M_TABLE>
   <DD08V_TABLE>
    <DD08V>
     <TABNAME>ZTCA_REQUESTS</TABNAME>
     <FIELDNAME>CONSULTOR</FIELDNAME>
     <DDLANGUAGE>P</DDLANGUAGE>
     <CHECKTABLE>ZTCA_CONSULTORES</CHECKTABLE>
    </DD08V>
   </DD08V_TABLE>
   <DD12V>
    <DD12V>
     <SQLTAB>ZTCA_REQUESTS</SQLTAB>
     <INDEXNAME>ZCO</INDEXNAME>
     <AS4LOCAL>A</AS4LOCAL>
     <DDLANGUAGE>P</DDLANGUAGE>
     <DBINDEX>ZTCA_REQUESTS~ZCO</DBINDEX>
     <DDTEXT>Consultor</DDTEXT>
    </DD12V>
    <DD12V>
     <SQLTAB>ZTCA_REQUESTS</SQLTAB>
     <INDEXNAME>ZDM</INDEXNAME>
     <AS4LOCAL>A</AS4LOCAL>
     <DDLANGUAGE>P</DDLANGUAGE>
     <DBINDEX>ZTCA_REQUESTS~ZDM</DBINDEX>
     <DDTEXT>Cod. Demanda</DDTEXT>
    </DD12V>
    <DD12V>
     <SQLTAB>ZTCA_REQUESTS</SQLTAB>
     <INDEXNAME>ZSL</INDEXNAME>
     <AS4LOCAL>A</AS4LOCAL>
     <DDLANGUAGE>P</DDLANGUAGE>
     <DBINDEX>ZTCA_REQUESTS~ZSL</DBINDEX>
     <DDTEXT>Solicitante</DDTEXT>
    </DD12V>
    <DD12V>
     <SQLTAB>ZTCA_REQUESTS</SQLTAB>
     <INDEXNAME>ZTD</INDEXNAME>
     <AS4LOCAL>A</AS4LOCAL>
     <DDLANGUAGE>P</DDLANGUAGE>
     <DBINDEX>ZTCA_REQUESTS~ZTD</DBINDEX>
     <DDTEXT>Tipo demanda</DDTEXT>
    </DD12V>
   </DD12V>
   <DD17V>
    <DD17V>
     <SQLTAB>ZTCA_REQUESTS</SQLTAB>
     <INDEXNAME>ZCO</INDEXNAME>
     <POSITION>0001</POSITION>
     <AS4LOCAL>A</AS4LOCAL>
     <FIELDNAME>CONSULTOR</FIELDNAME>
    </DD17V>
    <DD17V>
     <SQLTAB>ZTCA_REQUESTS</SQLTAB>
     <INDEXNAME>ZDM</INDEXNAME>
     <POSITION>0001</POSITION>
     <AS4LOCAL>A</AS4LOCAL>
     <FIELDNAME>DEMANDA</FIELDNAME>
    </DD17V>
    <DD17V>
     <SQLTAB>ZTCA_REQUESTS</SQLTAB>
     <INDEXNAME>ZSL</INDEXNAME>
     <POSITION>0001</POSITION>
     <AS4LOCAL>A</AS4LOCAL>
     <FIELDNAME>FUNCIONAL</FIELDNAME>
    </DD17V>
    <DD17V>
     <SQLTAB>ZTCA_REQUESTS</SQLTAB>
     <INDEXNAME>ZTD</INDEXNAME>
     <POSITION>0001</POSITION>
     <AS4LOCAL>A</AS4LOCAL>
     <FIELDNAME>TIPO_DEMANDA</FIELDNAME>
    </DD17V>
   </DD17V>
  </asx:values>
 </asx:abap>
</abapGit>
