[{}, {                                                                                                                                                                                                                                                         
	"DataHora": "/Date(1194451152000+0000)/",                                                                                                                                                                                                                     
	"Trkorr": "Trkorr 1",                                                                                                                                                                                                                                         
	"DataHoraExportacao": "/Date(1368723552000+0000)/",                                                                                                                                                                                                           
	"Modulo": "Modulo 1",                                                                                                                                                                                                                                         
	"Consultor": "Consultor 1",                                                                                                                                                                                                                                   
	"DataHoraDev": "/Date(982166352000)/",                                                                                                                                                                                                                        
	"As4text": "As4text 1",                                                                                                                                                                                                                                       
	"DataHoraQas": "/Date(1418659152000+0000)/",                                                                                                                                                                                                                  
	"DataHoraPrd": "/Date(1551286752000+0000)/",                                                                                                                                                                                                                  
	"Funcional": "Funcional 1",                                                                                                                                                                                                                                   
	"Demanda": "Demanda 1",                                                                                                                                                                                                                                       
	"IsDestinoFinal": "IsDestinoFinal 1",                                                                                                                                                                                                                         
	"RequestOrigem": "RequestOrigem 1",                                                                                                                                                                                                                           
	"Trfunction": "Trfunction 1",                                                                                                                                                                                                                                 
	"TipoDemanda": "TipoDemanda 1",                                                                                                                                                                                                                               
	"ProcessArea": "ProcessArea 1",                                                                                                                                                                                                                               
	"Dev": true,                                                                                                                                                                                                                                                  
	"Qas": true,                                                                                                                                                                                                                                                  
	"Prd": false,                                                                                                                                                                                                                                                 
	"Trfunct": "Trfunct 1",                                                                                                                                                                                                                                       
	"Client": "Client 1",                                                                                                                                                                                                                                         
	"__metadata": {                                                                                                                                                                                                                                               
		"uri": "RequestSet('Trkorr%201')",                                                                                                                                                                                                                           
		"type": "ZCONTROLE_REQUEST_SRV.Request"                                                                                                                                                                                                                      
	}                                                                                                                                                                                                                                                             
}, {                                                                                                                                                                                                                                                           
	"DataHora": "/Date(979747152000+0000)/",                                                                                                                                                                                                                      
	"Trkorr": "Trkorr 2",                                                                                                                                                                                                                                         
	"DataHoraExportacao": "/Date(1228233552000+0000)/",                                                                                                                                                                                                           
	"Modulo": "Modulo 2",                                                                                                                                                                                                                                         
	"Consultor": "Consultor 2",                                                                                                                                                                                                                                   
	"DataHoraDev": "/Date(1513699152000)/",                                                                                                                                                                                                                       
	"As4text": "As4text 2",                                                                                                                                                                                                                                       
	"DataHoraQas": "/Date(1040140752000+0000)/",                                                                                                                                                                                                                  
	"DataHoraPrd": "/Date(1570640352000+0000)/",                                                                                                                                                                                                                  
	"Funcional": "Funcional 2",                                                                                                                                                                                                                                   
	"Demanda": "Demanda 2",                                                                                                                                                                                                                                       
	"IsDestinoFinal": "IsDestinoFinal 2",                                                                                                                                                                                                                         
	"RequestOrigem": "RequestOrigem 2",                                                                                                                                                                                                                           
	"Trfunction": "Trfunction 2",                                                                                                                                                                                                                                 
	"TipoDemanda": "TipoDemanda 2",                                                                                                                                                                                                                               
	"ProcessArea": "ProcessArea 2",                                                                                                                                                                                                                               
	"Dev": true,                                                                                                                                                                                                                                                  
	"Qas": true,                                                                                                                                                                                                                                                  
	"Prd": true,                                                                                                                                                                                                                                                  
	"Trfunct": "Trfunct 2",                                                                                                                                                                                                                                       
	"Client": "Client 2",                                                                                                                                                                                                                                         
	"__metadata": {                                                                                                                                                                                                                                               
		"uri": "RequestSet('Trkorr%202')",                                                                                                                                                                                                                           
		"type": "ZCONTROLE_REQUEST_SRV.Request"                                                                                                                                                                                                                      
	}                                                                                                                                                                                                                                                             
}, {                                                                                                                                                                                                                                                           
	"DataHora": "/Date(1543161552000+0000)/",                                                                                                                                                                                                                     
	"Trkorr": "Trkorr 3",                                                                                                                                                                                                                                         
	"DataHoraExportacao": "/Date(1549727952000+0000)/",                                                                                                                                                                                                           
	"Modulo": "Modulo 3",                                                                                                                                                                                                                                         
	"Consultor": "Consultor 3",                                                                                                                                                                                                                                   
	"DataHoraDev": "/Date(1264089552000)/",                                                                                                                                                                                                                       
	"As4text": "As4text 3",                                                                                                                                                                                                                                       
	"DataHoraQas": "/Date(1449417552000+0000)/",                                                                                                                                                                                                                  
	"DataHoraPrd": "/Date(1156438752000+0000)/",                                                                                                                                                                                                                  
	"Funcional": "Funcional 3",                                                                                                                                                                                                                                   
	"Demanda": "Demanda 3",                                                                                                                                                                                                                                       
	"IsDestinoFinal": "IsDestinoFinal 3",                                                                                                                                                                                                                         
	"RequestOrigem": "RequestOrigem 3",                                                                                                                                                                                                                           
	"Trfunction": "Trfunction 3",                                                                                                                                                                                                                                 
	"TipoDemanda": "TipoDemanda 3",                                                                                                                                                                                                                               
	"ProcessArea": "ProcessArea 3",                                                                                                                                                                                                                               
	"Dev": false,                                                                                                                                                                                                                                                 
	"Qas": true,                                                                                                                                                                                                                                                  
	"Prd": false,                                                                                                                                                                                                                                                 
	"Trfunct": "Trfunct 3",                                                                                                                                                                                                                                       
	"Client": "Client 3",                                                                                                                                                                                                                                         
	"__metadata": {                                                                                                                                                                                                                                               
		"uri": "RequestSet('Trkorr%203')",                                                                                                                                                                                                                           
		"type": "ZCONTROLE_REQUEST_SRV.Request"                                                                                                                                                                                                                      
	}                                                                                                                                                                                                                                                             
}, {                                                                                                                                                                                                                                                           
	"DataHora": "/Date(1461517152000+0000)/",                                                                                                                                                                                                                     
	"Trkorr": "Trkorr 4",                                                                                                                                                                                                                                         
	"DataHoraExportacao": "/Date(976291152000+0000)/",                                                                                                                                                                                                            
	"Modulo": "Modulo 4",                                                                                                                                                                                                                                         
	"Consultor": "Consultor 4",                                                                                                                                                                                                                                   
	"DataHoraDev": "/Date(1176656352000)/",                                                                                                                                                                                                                       
	"As4text": "As4text 4",                                                                                                                                                                                                                                       
	"DataHoraQas": "/Date(994784352000+0000)/",                                                                                                                                                                                                                   
	"DataHoraPrd": "/Date(1491238752000+0000)/",                                                                                                                                                                                                                  
	"Funcional": "Funcional 4",                                                                                                                                                                                                                                   
	"Demanda": "Demanda 4",                                                                                                                                                                                                                                       
	"IsDestinoFinal": "IsDestinoFinal 4",                                                                                                                                                                                                                         
	"RequestOrigem": "RequestOrigem 4",                                                                                                                                                                                                                           
	"Trfunction": "Trfunction 4",                                                                                                                                                                                                                                 
	"TipoDemanda": "TipoDemanda 4",                                                                                                                                                                                                                               
	"ProcessArea": "ProcessArea 4",                                                                                                                                                                                                                               
	"Dev": false,                                                                                                                                                                                                                                                 
	"Qas": true,                                                                                                                                                                                                                                                  
	"Prd": false,                                                                                                                                                                                                                                                 
	"Trfunct": "Trfunct 4",                                                                                                                                                                                                                                       
	"Client": "Client 4",                                                                                                                                                                                                                                         
	"__metadata": {                                                                                                                                                                                                                                               
		"uri": "RequestSet('Trkorr%204')",                                                                                                                                                                                                                           
		"type": "ZCONTROLE_REQUEST_SRV.Request"                                                                                                                                                                                                                      
	}                                                                                                                                                                                                                                                             
}, {                                                                                                                                                                                                                                                           
	"DataHora": "/Date(1087145952000+0000)/",                                                                                                                                                                                                                     
	"Trkorr": "Trkorr 5",                                                                                                                                                                                                                                         
	"DataHoraExportacao": "/Date(1219510752000+0000)/",                                                                                                                                                                                                           
	"Modulo": "Modulo 5",                                                                                                                                                                                                                                         
	"Consultor": "Consultor 5",                                                                                                                                                                                                                                   
	"DataHoraDev": "/Date(1347469152000)/",                                                                                                                                                                                                                       
	"As4text": "As4text 5",                                                                                                                                                                                                                                       
	"DataHoraQas": "/Date(1542297552000+0000)/",                                                                                                                                                                                                                  
	"DataHoraPrd": "/Date(1020185952000+0000)/",                                                                                                                                                                                                                  
	"Funcional": "Funcional 5",                                                                                                                                                                                                                                   
	"Demanda": "Demanda 5",                                                                                                                                                                                                                                       
	"IsDestinoFinal": "IsDestinoFinal 5",                                                                                                                                                                                                                         
	"RequestOrigem": "RequestOrigem 5",                                                                                                                                                                                                                           
	"Trfunction": "Trfunction 5",                                                                                                                                                                                                                                 
	"TipoDemanda": "TipoDemanda 5",                                                                                                                                                                                                                               
	"ProcessArea": "ProcessArea 5",                                                                                                                                                                                                                               
	"Dev": false,                                                                                                                                                                                                                                                 
	"Qas": true,                                                                                                                                                                                                                                                  
	"Prd": false,                                                                                                                                                                                                                                                 
	"Trfunct": "Trfunct 5",                                                                                                                                                                                                                                       
	"Client": "Client 5",                                                                                                                                                                                                                                         
	"__metadata": {                                                                                                                                                                                                                                               
		"uri": "RequestSet('Trkorr%205')",                                                                                                                                                                                                                           
		"type": "ZCONTROLE_REQUEST_SRV.Request"                                                                                                                                                                                                                      
	}                                                                                                                                                                                                                                                             
}, {                                                                                                                                                                                                                                                           
	"DataHora": "/Date(1487260752000+0000)/",                                                                                                                                                                                                                     
	"Trkorr": "Trkorr 6",                                                                                                                                                                                                                                         
	"DataHoraExportacao": "/Date(1259078352000+0000)/",                                                                                                                                                                                                           
	"Modulo": "Modulo 6",                                                                                                                                                                                                                                         
	"Consultor": "Consultor 6",                                                                                                                                                                                                                                   
	"DataHoraDev": "/Date(1308934752000)/",                                                                                                                                                                                                                       
	"As4text": "As4text 6",                                                                                                                                                                                                                                       
	"DataHoraQas": "/Date(1455206352000+0000)/",                                                                                                                                                                                                                  
	"DataHoraPrd": "/Date(1058547552000+0000)/",                                                                                                                                                                                                                  
	"Funcional": "Funcional 6",                                                                                                                                                                                                                                   
	"Demanda": "Demanda 6",                                                                                                                                                                                                                                       
	"IsDestinoFinal": "IsDestinoFinal 6",                                                                                                                                                                                                                         
	"RequestOrigem": "RequestOrigem 6",                                                                                                                                                                                                                           
	"Trfunction": "Trfunction 6",                                                                                                                                                                                                                                 
	"TipoDemanda": "TipoDemanda 6",                                                                                                                                                                                                                               
	"ProcessArea": "ProcessArea 6",                                                                                                                                                                                                                               
	"Dev": false,                                                                                                                                                                                                                                                 
	"Qas": true,                                                                                                                                                                                                                                                  
	"Prd": true,                                                                                                                                                                                                                                                  
	"Trfunct": "Trfunct 6",                                                                                                                                                                                                                                       
	"Client": "Client 6",                                                                                                                                                                                                                                         
	"__metadata": {                                                                                                                                                                                                                                               
		"uri": "RequestSet('Trkorr%206')",                                                                                                                                                                                                                           
		"type": "ZCONTROLE_REQUEST_SRV.Request"                                                                                                                                                                                                                      
	}                                                                                                                                                                                                                                                             
}, {                                                                                                                                                                                                                                                           
	"DataHora": "/Date(1024678752000+0000)/",                                                                                                                                                                                                                     
	"Trkorr": "Trkorr 7",                                                                                                                                                                                                                                         
	"DataHoraExportacao": "/Date(1467824352000+0000)/",                                                                                                                                                                                                           
	"Modulo": "Modulo 7",                                                                                                                                                                                                                                         
	"Consultor": "Consultor 7",                                                                                                                                                                                                                                   
	"DataHoraDev": "/Date(1276793952000)/",                                                                                                                                                                                                                       
	"As4text": "As4text 7",                                                                                                                                                                                                                                       
	"DataHoraQas": "/Date(1209056352000+0000)/",                                                                                                                                                                                                                  
	"DataHoraPrd": "/Date(1362675552000+0000)/",                                                                                                                                                                                                                  
	"Funcional": "Funcional 7",                                                                                                                                                                                                                                   
	"Demanda": "Demanda 7",                                                                                                                                                                                                                                       
	"IsDestinoFinal": "IsDestinoFinal 7",                                                                                                                                                                                                                         
	"RequestOrigem": "RequestOrigem 7",                                                                                                                                                                                                                           
	"Trfunction": "Trfunction 7",                                                                                                                                                                                                                                 
	"TipoDemanda": "TipoDemanda 7",                                                                                                                                                                                                                               
	"ProcessArea": "ProcessArea 7",                                                                                                                                                                                                                               
	"Dev": false,                                                                                                                                                                                                                                                 
	"Qas": false,                                                                                                                                                                                                                                                 
	"Prd": true,                                                                                                                                                                                                                                                  
	"Trfunct": "Trfunct 7",                                                                                                                                                                                                                                       
	"Client": "Client 7",                                                                                                                                                                                                                                         
	"__metadata": {                                                                                                                                                                                                                                               
		"uri": "RequestSet('Trkorr%207')",                                                                                                                                                                                                                           
		"type": "ZCONTROLE_REQUEST_SRV.Request"                                                                                                                                                                                                                      
	}                                                                                                                                                                                                                                                             
}, {                                                                                                                                                                                                                                                           
	"DataHora": "/Date(1232553552000+0000)/",                                                                                                                                                                                                                     
	"Trkorr": "Trkorr 8",                                                                                                                                                                                                                                         
	"DataHoraExportacao": "/Date(1439139552000+0000)/",                                                                                                                                                                                                           
	"Modulo": "Modulo 8",                                                                                                                                                                                                                                         
	"Consultor": "Consultor 8",                                                                                                                                                                                                                                   
	"DataHoraDev": "/Date(1282928352000)/",                                                                                                                                                                                                                       
	"As4text": "As4text 8",                                                                                                                                                                                                                                       
	"DataHoraQas": "/Date(1345309152000+0000)/",                                                                                                                                                                                                                  
	"DataHoraPrd": "/Date(975340752000+0000)/",                                                                                                                                                                                                                   
	"Funcional": "Funcional 8",                                                                                                                                                                                                                                   
	"Demanda": "Demanda 8",                                                                                                                                                                                                                                       
	"IsDestinoFinal": "IsDestinoFinal 8",                                                                                                                                                                                                                         
	"RequestOrigem": "RequestOrigem 8",                                                                                                                                                                                                                           
	"Trfunction": "Trfunction 8",                                                                                                                                                                                                                                 
	"TipoDemanda": "TipoDemanda 8",                                                                                                                                                                                                                               
	"ProcessArea": "ProcessArea 8",                                                                                                                                                                                                                               
	"Dev": true,                                                                                                                                                                                                                                                  
	"Qas": false,                                                                                                                                                                                                                                                 
	"Prd": true,                                                                                                                                                                                                                                                  
	"Trfunct": "Trfunct 8",                                                                                                                                                                                                                                       
	"Client": "Client 8",                                                                                                                                                                                                                                         
	"__metadata": {                                                                                                                                                                                                                                               
		"uri": "RequestSet('Trkorr%208')",                                                                                                                                                                                                                           
		"type": "ZCONTROLE_REQUEST_SRV.Request"                                                                                                                                                                                                                      
	}                                                                                                                                                                                                                                                             
}, {                                                                                                                                                                                                                                                           
	"DataHora": "/Date(1234540752000+0000)/",                                                                                                                                                                                                                     
	"Trkorr": "Trkorr 9",                                                                                                                                                                                                                                         
	"DataHoraExportacao": "/Date(1283878752000+0000)/",                                                                                                                                                                                                           
	"Modulo": "Modulo 9",                                                                                                                                                                                                                                         
	"Consultor": "Consultor 9",                                                                                                                                                                                                                                   
	"DataHoraDev": "/Date(1383148752000)/",                                                                                                                                                                                                                       
	"As4text": "As4text 9",                                                                                                                                                                                                                                       
	"DataHoraQas": "/Date(1192982352000+0000)/",                                                                                                                                                                                                                  
	"DataHoraPrd": "/Date(1548431952000+0000)/",                                                                                                                                                                                                                  
	"Funcional": "Funcional 9",                                                                                                                                                                                                                                   
	"Demanda": "Demanda 9",                                                                                                                                                                                                                                       
	"IsDestinoFinal": "IsDestinoFinal 9",                                                                                                                                                                                                                         
	"RequestOrigem": "RequestOrigem 9",                                                                                                                                                                                                                           
	"Trfunction": "Trfunction 9",                                                                                                                                                                                                                                 
	"TipoDemanda": "TipoDemanda 9",                                                                                                                                                                                                                               
	"ProcessArea": "ProcessArea 9",                                                                                                                                                                                                                               
	"Dev": true,                                                                                                                                                                                                                                                  
	"Qas": false,                                                                                                                                                                                                                                                 
	"Prd": true,                                                                                                                                                                                                                                                  
	"Trfunct": "Trfunct 9",                                                                                                                                                                                                                                       
	"Client": "Client 9",                                                                                                                                                                                                                                         
	"__metadata": {                                                                                                                                                                                                                                               
		"uri": "RequestSet('Trkorr%209')",                                                                                                                                                                                                                           
		"type": "ZCONTROLE_REQUEST_SRV.Request"                                                                                                                                                                                                                      
	}                                                                                                                                                                                                                                                             
}, {                                                                                                                                                                                                                                                           
	"DataHora": "/Date(1068479952000+0000)/",                                                                                                                                                                                                                     
	"Trkorr": "Trkorr 10",                                                                                                                                                                                                                                        
	"DataHoraExportacao": "/Date(1483372752000+0000)/",                                                                                                                                                                                                           
	"Modulo": "Modulo 10",                                                                                                                                                                                                                                        
	"Consultor": "Consultor 10",                                                                                                                                                                                                                                  
	"DataHoraDev": "/Date(1277830752000)/",                                                                                                                                                                                                                       
	"As4text": "As4text 10",                                                                                                                                                                                                                                      
	"DataHoraQas": "/Date(1335200352000+0000)/",                                                                                                                                                                                                                  
	"DataHoraPrd": "/Date(1342025952000+0000)/",                                                                                                                                                                                                                  
	"Funcional": "Funcional 10",                                                                                                                                                                                                                                  
	"Demanda": "Demanda 10",                                                                                                                                                                                                                                      
	"IsDestinoFinal": "IsDestinoFinal 10",                                                                                                                                                                                                                        
	"RequestOrigem": "RequestOrigem 10",                                                                                                                                                                                                                          
	"Trfunction": "Trfunction 10",                                                                                                                                                                                                                                
	"TipoDemanda": "TipoDemanda 10",                                                                                                                                                                                                                              
	"ProcessArea": "ProcessArea 10",                                                                                                                                                                                                                              
	"Dev": false,                                                                                                                                                                                                                                                 
	"Qas": true,                                                                                                                                                                                                                                                  
	"Prd": false,                                                                                                                                                                                                                                                 
	"Trfunct": "Trfunct 10",                                                                                                                                                                                                                                      
	"Client": "Client 10",                                                                                                                                                                                                                                        
	"__metadata": {                                                                                                                                                                                                                                               
		"uri": "RequestSet('Trkorr%2010')",                                                                                                                                                                                                                          
		"type": "ZCONTROLE_REQUEST_SRV.Request"                                                                                                                                                                                                                      
	}                                                                                                                                                                                                                                                             
}]                                                                                                                                                                                                                                                             