<?xml version="1.0" encoding="utf-8"?>                                                                                                                                                                                                                         
<edmx:Edmx Version="1.0" xmlns:edmx="http://schemas.microsoft.com/ado/2007/06/edmx" xmlns:m="http://schemas.microsoft.com/ado/2007/08/dataservices/metadata" xmlns:sap="http://www.sap.com/Protocols/SAPData">                                                 
	<edmx:DataServices m:DataServiceVersion="2.0">                                                                                                                                                                                                                
		<Schema Namespace="ZCONTROLE_REQUEST_SRV" xml:lang="pt" sap:schema-version="1 " xmlns="http://schemas.microsoft.com/ado/2008/09/edm">                                                                                                                        
			<EntityType Name="Request" sap:content-version="1">                                                                                                                                                                                                         
				<Key>                                                                                                                                                                                                                                                      
					<PropertyRef Name="Trkorr"/>                                                                                                                                                                                                                              
				</Key>                                                                                                                                                                                                                                                     
				<Property Name="DataHora" Type="Edm.DateTimeOffset" Precision="0" sap:creatable="false" sap:updatable="false" sap:sortable="false" sap:filterable="false"/>                                                                                                
				<Property Name="Trkorr" Type="Edm.String" Nullable="false" MaxLength="20" sap:label="Request" sap:creatable="false" sap:updatable="false" sap:sortable="false"/>                                                                                           
				<Property Name="DataHoraExportacao" Type="Edm.DateTimeOffset" Precision="0" sap:creatable="false" sap:updatable="false" sap:sortable="false" sap:filterable="false"/>                                                                                      
				<Property Name="Modulo" Type="Edm.String" Nullable="false" MaxLength="2" sap:label="Módulo" sap:creatable="false" sap:updatable="false" sap:sortable="false" sap:filterable="false"/>                                                                      
				<Property Name="Consultor" Type="Edm.String" Nullable="false" MaxLength="12" sap:creatable="false" sap:updatable="false" sap:sortable="false"/>                                                                                                            
				<Property Name="DataHoraDev" Type="Edm.DateTime" Precision="0" sap:creatable="false" sap:updatable="false" sap:sortable="false" sap:filterable="false"/>                                                                                                   
				<Property Name="As4text" Type="Edm.String" Nullable="false" MaxLength="60" sap:label="Descrição breve" sap:creatable="false" sap:updatable="false" sap:sortable="false" sap:filterable="false"/>                                                           
				<Property Name="DataHoraQas" Type="Edm.DateTimeOffset" Precision="0" sap:creatable="false" sap:updatable="false" sap:sortable="false" sap:filterable="false"/>                                                                                             
				<Property Name="DataHoraPrd" Type="Edm.DateTimeOffset" Precision="0" sap:creatable="false" sap:updatable="false" sap:sortable="false" sap:filterable="false"/>                                                                                             
				<Property Name="Funcional" Type="Edm.String" Nullable="false" MaxLength="12" sap:creatable="false" sap:updatable="false" sap:sortable="false"/>                                                                                                            
				<Property Name="Demanda" Type="Edm.String" Nullable="false" MaxLength="7" sap:creatable="false" sap:updatable="false" sap:sortable="false"/>                                                                                                               
				<Property Name="IsDestinoFinal" Type="Edm.String" Nullable="false" MaxLength="1" sap:creatable="false" sap:updatable="false" sap:sortable="false" sap:filterable="false"/>                                                                                 
				<Property Name="RequestOrigem" Type="Edm.String" Nullable="false" MaxLength="20" sap:label="Request Origem" sap:creatable="false" sap:updatable="false" sap:sortable="false" sap:filterable="false"/>                                                      
				<Property Name="Trfunction" Type="Edm.String" Nullable="false" MaxLength="1" sap:label="Tipo de Request" sap:creatable="false" sap:updatable="false" sap:sortable="false" sap:filterable="false"/>                                                         
				<Property Name="TipoDemanda" Type="Edm.String" Nullable="false" MaxLength="2" sap:creatable="false" sap:updatable="false" sap:sortable="false" sap:filterable="false"/>                                                                                    
				<Property Name="ProcessArea" Type="Edm.String" Nullable="false" MaxLength="3" sap:creatable="false" sap:updatable="false" sap:sortable="false" sap:filterable="false"/>                                                                                    
				<Property Name="Dev" Type="Edm.Boolean" Nullable="false" sap:creatable="false" sap:updatable="false" sap:sortable="false" sap:filterable="false"/>                                                                                                         
				<Property Name="Qas" Type="Edm.Boolean" Nullable="false" sap:creatable="false" sap:updatable="false" sap:sortable="false" sap:filterable="false"/>                                                                                                         
				<Property Name="Prd" Type="Edm.Boolean" Nullable="false" sap:creatable="false" sap:updatable="false" sap:sortable="false" sap:filterable="false"/>                                                                                                         
				<Property Name="Trfunct" Type="Edm.String" Nullable="false" MaxLength="60" sap:label="Descrição breve" sap:creatable="false" sap:updatable="false" sap:sortable="false" sap:filterable="false"/>                                                           
				<Property Name="Client" Type="Edm.String" Nullable="false" MaxLength="3" sap:label="Mandante origem" sap:creatable="false" sap:updatable="false" sap:sortable="false" sap:filterable="false"/>                                                             
			</EntityType>                                                                                                                                                                                                                                               
			<EntityContainer Name="ZCONTROLE_REQUEST_SRV_Entities" m:IsDefaultEntityContainer="true" sap:supported-formats="atom json xlsx">                                                                                                                            
				<EntitySet Name="RequestSet" EntityType="ZCONTROLE_REQUEST_SRV.Request" sap:creatable="false" sap:updatable="false" sap:deletable="false" sap:pageable="false" sap:content-version="1"/>                                                                   
			</EntityContainer>                                                                                                                                                                                                                                          
			<atom:link rel="self" href="http://10.198.208.18:8000/sap/opu/odata/SAP/ZCONTROLE_REQUEST_SRV/$metadata" xmlns:atom="http://www.w3.org/2005/Atom"/>                                                                                                         
			<atom:link rel="latest-version" href="http://10.198.208.18:8000/sap/opu/odata/SAP/ZCONTROLE_REQUEST_SRV/$metadata" xmlns:atom="http://www.w3.org/2005/Atom"/>                                                                                               
		</Schema>                                                                                                                                                                                                                                                    
	</edmx:DataServices>                                                                                                                                                                                                                                          
</edmx:Edmx>                                                                                                                                                                                                                                                   