﻿<?xml version="1.0" encoding="utf-8"?>
<abapGit version="v1.0.0" serializer="LCL_OBJECT_VIEW" serializer_version="v1.0.0">
 <asx:abap xmlns:asx="http://www.sap.com/abapxml" version="1.0">
  <asx:values>
   <DD25V>
    <VIEWNAME>ZVCA_CONSULTORES</VIEWNAME>
    <AS4LOCAL>A</AS4LOCAL>
    <DDLANGUAGE>P</DDLANGUAGE>
    <AGGTYPE>V</AGGTYPE>
    <APPLCLASS>HV40</APPLCLASS>
    <ROOTTAB>ZTCA_CONSULTORES</ROOTTAB>
    <DDTEXT>Visão Tabela de Consultores</DDTEXT>
    <VIEWCLASS>H</VIEWCLASS>
    <VIEWGRANT>R</VIEWGRANT>
   </DD25V>
   <DD26V_TABLE>
    <DD26V>
     <VIEWNAME>ZVCA_CONSULTORES</VIEWNAME>
     <TABNAME>ZTCA_CONSULTORES</TABNAME>
     <TABPOS>0001</TABPOS>
     <FORTABNAME>ZTCA_CONSULTORES</FORTABNAME>
    </DD26V>
   </DD26V_TABLE>
   <DD27P_TABLE>
    <DD27P>
     <VIEWNAME>ZVCA_CONSULTORES</VIEWNAME>
     <OBJPOS>0001</OBJPOS>
     <DDLANGUAGE>P</DDLANGUAGE>
     <VIEWFIELD>MANDT</VIEWFIELD>
     <TABNAME>ZTCA_CONSULTORES</TABNAME>
     <FIELDNAME>MANDT</FIELDNAME>
     <KEYFLAG>X</KEYFLAG>
     <ROLLNAME>MANDT</ROLLNAME>
     <ROLLNAMEVI>MANDT</ROLLNAMEVI>
    </DD27P>
    <DD27P>
     <VIEWNAME>ZVCA_CONSULTORES</VIEWNAME>
     <OBJPOS>0002</OBJPOS>
     <DDLANGUAGE>P</DDLANGUAGE>
     <VIEWFIELD>CONSULTOR</VIEWFIELD>
     <TABNAME>ZTCA_CONSULTORES</TABNAME>
     <FIELDNAME>CONSULTOR</FIELDNAME>
     <KEYFLAG>X</KEYFLAG>
     <ROLLNAME>ZCONSULTOR</ROLLNAME>
     <ROLLNAMEVI>ZCONSULTOR</ROLLNAMEVI>
    </DD27P>
    <DD27P>
     <VIEWNAME>ZVCA_CONSULTORES</VIEWNAME>
     <OBJPOS>0003</OBJPOS>
     <DDLANGUAGE>P</DDLANGUAGE>
     <VIEWFIELD>DESCRICAO</VIEWFIELD>
     <TABNAME>ZTCA_CONSULTORES</TABNAME>
     <FIELDNAME>DESCRICAO</FIELDNAME>
     <ROLLNAME>AD_NAMTEXT</ROLLNAME>
     <ROLLNAMEVI>AD_NAMTEXT</ROLLNAMEVI>
    </DD27P>
   </DD27P_TABLE>
   <DD28V_TABLE>
    <DD28V>
     <CONDNAME>ZVCA_CONSULTORES</CONDNAME>
     <POSITION>0001</POSITION>
     <TABNAME>ZTCA_CONSULTORES</TABNAME>
     <FIELDNAME>FUNCIONAL</FIELDNAME>
     <OPERATOR>EQ</OPERATOR>
     <CONSTANTS>&apos;X&apos;</CONSTANTS>
    </DD28V>
   </DD28V_TABLE>
  </asx:values>
 </asx:abap>
</abapGit>
