﻿<?xml version="1.0" encoding="utf-8"?>
<abapGit version="v1.0.0" serializer="LCL_OBJECT_WDYA" serializer_version="v1.0.0">
 <asx:abap xmlns:asx="http://www.sap.com/abapxml" version="1.0">
  <asx:values>
   <APP>
    <APPLICATION_NAME>ZWD_CA_CTRLREQ</APPLICATION_NAME>
    <COMPONENT>ZWD_CA_CTRLREQ</COMPONENT>
    <STARTUP_VIEW>ZWD_CA_CTRLREQ</STARTUP_VIEW>
    <STARTUP_PLUG>DEFAULT</STARTUP_PLUG>
    <DISPLAY_NAME>ZWD_CA_CTRLREQ</DISPLAY_NAME>
   </APP>
   <PROPERTIES>
    <WDY_APP_PROPERTY>
     <APPLICATION_NAME>ZWD_CA_CTRLREQ</APPLICATION_NAME>
     <NAME>WDTHEMEROOT</NAME>
     <VALUE>Radix</VALUE>
    </WDY_APP_PROPERTY>
   </PROPERTIES>
  </asx:values>
 </asx:abap>
</abapGit>
